사고부문,사고번호,사고일시,요일,시군구,사고내용,사망자수,중상자수,경상자수,부상신고자수,사고유형,법규위반,노면상태,기상상태,도로형태,가해운전자 차종,가해운전자 성별,가해운전자 연령,가해운전자 상해정도,피해운전자 차종,피해운전자 성별,피해운전자 연령,피해운전자 상해정도
노인보행자사고,2020021400100453,2020년 2월 14일 18시,금요일,부산광역시 수영구 광안동,중상사고,0,1,0,0,차대사람 - 기타,보행자보호의무위반,건조,맑음,교차로 - 교차로부근,화물,남,26세,상해없음,보행자,여,71세,중상
노인보행자사고,2020021400100456,2020년 2월 14일 18시,금요일,부산광역시 영도구 봉래동2가,중상사고,0,1,0,0,차대사람 - 길가장자리구역통행중,안전운전불이행,건조,맑음,교차로 - 교차로부근,승용,남,22세,상해없음,보행자,여,78세,중상
노인보행자사고,2.02002E+15,2020년 2월 15일 11시,토요일,부산광역시 강서구 신호동,경상사고,0,0,1,0,차대사람 - 횡단중,보행자보호의무위반,건조,맑음,교차로 - 교차로부근,승용,남,62세,상해없음,보행자,남,68세,경상
노인보행자사고,2020021500100243,2020년 2월 15일 13시,토요일,부산광역시 남구 용호동,경상사고,0,0,1,0,차대사람 - 기타,신호위반,건조,맑음,교차로 - 교차로횡단보도내,승용,남,77세,상해없음,보행자,남,71세,경상
노인보행자사고,2020021500100245,2020년 2월 15일 13시,토요일,부산광역시 부산진구 범전동,경상사고,0,0,1,0,차대사람 - 기타,안전운전불이행,건조,맑음,주차장 - 주차장,승용,남,34세,상해없음,보행자,남,68세,경상
노인보행자사고,2020021500100246,2020년 2월 15일 13시,토요일,부산광역시 부산진구 부전동,중상사고,0,1,0,0,차대사람 - 차도통행중,안전운전불이행,건조,맑음,교차로 - 교차로부근,이륜,남,28세,상해없음,보행자,여,81세,중상
노인보행자사고,2020021500100274,2020년 2월 15일 14시,토요일,부산광역시 연제구 거제동,중상사고,0,1,0,0,차대사람 - 차도통행중,보행자보호의무위반,건조,맑음,교차로 - 교차로안,승용,남,67세,상해없음,보행자,남,73세,중상
노인보행자사고,2020021500100332,2020년 2월 15일 16시,토요일,부산광역시 수영구 민락동,경상사고,0,0,1,0,차대사람 - 횡단중,보행자보호의무위반,건조,맑음,단일로 - 기타,승용,여,26세,상해없음,보행자,남,70세,경상
노인보행자사고,2020021500100482,2020년 2월 15일 20시,토요일,부산광역시 중구 남포동6가,중상사고,0,1,0,0,차대사람 - 차도통행중,안전운전불이행,건조,맑음,교차로 - 교차로부근,승용,남,57세,상해없음,보행자,남,73세,중상
노인보행자사고,2020021600100161,2020년 2월 16일 10시,일요일,부산광역시 연제구 거제동,중상사고,0,1,0,0,차대사람 - 길가장자리구역통행중,안전운전불이행,젖음/습기,맑음,단일로 - 기타,승용,여,49세,상해없음,보행자,여,73세,중상
노인보행자사고,2020021600100422,2020년 2월 16일 20시,일요일,부산광역시 남구 대연동,경상사고,0,0,1,0,차대사람 - 보도통행중,보행자보호의무위반,건조,맑음,기타 - 기타,승용,여,49세,상해없음,보행자,남,80세,경상
노인보행자사고,2020021600100454,2020년 2월 16일 21시,일요일,부산광역시 연제구 연산동,중상사고,0,1,0,0,차대사람 - 기타,안전운전불이행,건조,맑음,교차로 - 교차로부근,승용,남,53세,상해없음,보행자,여,76세,중상
노인보행자사고,2020021600100473,2020년 2월 16일 22시,일요일,부산광역시 연제구 거제동,사망사고,1,0,0,0,차대사람 - 차도통행중,과속,건조,맑음,단일로 - 기타,승용,남,48세,상해없음,보행자,남,77세,사망
노인보행자사고,2020021700100075,2020년 2월 17일 08시,월요일,부산광역시 연제구 연산동,중상사고,0,1,0,0,차대사람 - 횡단중,보행자보호의무위반,건조,맑음,교차로 - 교차로안,승용,여,46세,상해없음,보행자,남,67세,중상
노인보행자사고,2020021900100075,2020년 2월 19일 07시,수요일,부산광역시 동래구 사직동,중상사고,0,1,0,0,차대사람 - 길가장자리구역통행중,안전운전불이행,건조,맑음,단일로 - 기타,승용,여,38세,상해없음,보행자,남,75세,중상
노인보행자사고,2020021900100104,2020년 2월 19일 08시,수요일,부산광역시 서구 동대신동3가,중상사고,0,1,0,0,차대사람 - 횡단중,신호위반,건조,맑음,단일로 - 기타,승용,남,37세,상해없음,보행자,남,77세,중상
노인보행자사고,2020021900100241,2020년 2월 19일 12시,수요일,부산광역시 서구 서대신동1가,중상사고,0,1,0,0,차대사람 - 횡단중,보행자보호의무위반,건조,맑음,단일로 - 기타,승용,여,49세,상해없음,보행자,여,65세,중상
노인보행자사고,2.02002E+15,2020년 2월 19일 13시,수요일,부산광역시 부산진구 부전동,경상사고,0,0,1,0,차대사람 - 기타,안전운전불이행,건조,맑음,기타 - 기타,화물,남,47세,상해없음,보행자,여,65세,경상
노인보행자사고,2020021900100448,2020년 2월 19일 17시,수요일,부산광역시 부산진구 당감동,중상사고,0,1,0,0,차대사람 - 기타,안전운전불이행,건조,맑음,단일로 - 기타,승용,남,58세,상해없음,보행자,여,86세,중상
노인보행자사고,2020022000100284,2020년 2월 20일 13시,목요일,부산광역시 중구 영주동,중상사고,0,1,0,0,차대사람 - 차도통행중,안전운전불이행,건조,맑음,교차로 - 교차로안,승용,여,47세,상해없음,보행자,여,77세,중상
노인보행자사고,2020022000100405,2020년 2월 20일 16시,목요일,부산광역시 부산진구 연지동,중상사고,0,1,0,0,차대사람 - 기타,안전운전불이행,건조,맑음,단일로 - 기타,화물,남,47세,상해없음,보행자,여,76세,중상
노인보행자사고,2020022000100406,2020년 2월 20일 16시,목요일,부산광역시 사하구 신평동,중상사고,0,1,0,0,차대사람 - 기타,안전운전불이행,건조,맑음,교차로 - 교차로부근,승합,남,47세,상해없음,보행자,여,67세,중상
노인보행자사고,2020022000100493,2020년 2월 20일 18시,목요일,부산광역시 남구 문현동,부상신고사고,0,0,0,1,차대사람 - 길가장자리구역통행중,안전운전불이행,건조,맑음,단일로 - 기타,기타불명,기타불명,미분류,기타불명,보행자,여,73세,부상신고
노인보행자사고,2020022100100344,2020년 2월 21일 15시,금요일,부산광역시 남구 대연동,경상사고,0,0,1,0,차대사람 - 차도통행중,안전운전불이행,건조,맑음,기타 - 기타,승용,남,74세,상해없음,보행자,남,79세,경상
노인보행자사고,2020022200100294,2020년 2월 22일 15시,토요일,부산광역시 동구 범일동,중상사고,0,1,0,0,차대사람 - 기타,안전운전불이행,건조,맑음,단일로 - 기타,승합,남,52세,상해없음,보행자,남,82세,중상
노인보행자사고,2.02002E+15,2020년 2월 22일 17시,토요일,부산광역시 동래구 온천동,중상사고,0,1,0,0,차대사람 - 횡단중,보행자보호의무위반,건조,맑음,교차로 - 교차로부근,승용,남,49세,상해없음,보행자,여,69세,중상
노인보행자사고,2.02002E+15,2020년 2월 22일 20시,토요일,부산광역시 남구 문현동,중상사고,0,1,0,0,차대사람 - 기타,안전운전불이행,건조,맑음,단일로 - 기타,승용,남,52세,상해없음,보행자,여,71세,중상
노인보행자사고,2020022400100038,2020년 2월 24일 06시,월요일,부산광역시 사하구 괴정동,중상사고,0,1,0,0,차대사람 - 횡단중,안전운전불이행,건조,맑음,단일로 - 기타,승용,남,62세,상해없음,보행자,여,87세,중상
노인보행자사고,2020022400100136,2020년 2월 24일 10시,월요일,부산광역시 강서구 명지동,중상사고,0,1,0,0,차대사람 - 기타,안전운전불이행,건조,맑음,단일로 - 기타,건설기계,남,70세,상해없음,보행자,여,72세,중상
노인보행자사고,2020022400100263,2020년 2월 24일 14시,월요일,부산광역시 사하구 하단동,중상사고,0,1,0,0,차대사람 - 횡단중,안전운전불이행,건조,맑음,교차로 - 교차로부근,승용,여,27세,상해없음,보행자,여,69세,중상
노인보행자사고,2020022500100005,2020년 2월 25일 00시,화요일,부산광역시 사하구 다대동,중상사고,0,1,0,0,차대사람 - 기타,안전운전불이행,젖음/습기,비,단일로 - 기타,이륜,여,50세,상해없음,보행자,남,74세,중상
노인보행자사고,2020022600100223,2020년 2월 26일 14시,수요일,부산광역시 중구 남포동1가,중상사고,0,1,0,0,차대사람 - 횡단중,보행자보호의무위반,건조,맑음,교차로 - 교차로부근,화물,남,72세,상해없음,보행자,남,80세,중상
노인보행자사고,2020022600100248,2020년 2월 26일 15시,수요일,부산광역시 북구 덕천동,중상사고,0,1,0,0,차대사람 - 기타,안전운전불이행,건조,맑음,단일로 - 기타,승용,여,38세,상해없음,보행자,여,72세,중상
노인보행자사고,2020022700100041,2020년 2월 27일 05시,목요일,부산광역시 사하구 괴정동,중상사고,0,1,0,0,차대사람 - 횡단중,안전운전불이행,젖음/습기,흐림,단일로 - 지하차도(도로)내,승용,남,65세,상해없음,보행자,남,79세,중상
노인보행자사고,2020022700100223,2020년 2월 27일 14시,목요일,부산광역시 금정구 서동,경상사고,0,0,1,0,차대사람 - 기타,안전운전불이행,건조,맑음,단일로 - 기타,승용,남,58세,상해없음,보행자,남,73세,경상
노인보행자사고,2020022800100035,2020년 2월 28일 05시,금요일,부산광역시 금정구 부곡동,중상사고,0,2,0,0,차대사람 - 횡단중,신호위반,건조,맑음,단일로 - 기타,이륜,남,46세,상해없음,보행자,여,72세,중상
노인보행자사고,2020022800100093,2020년 2월 28일 09시,금요일,부산광역시 해운대구 재송동,중상사고,0,1,0,0,차대사람 - 횡단중,보행자보호의무위반,건조,맑음,교차로 - 교차로횡단보도내,승용,남,72세,상해없음,보행자,남,79세,중상
노인보행자사고,2020022900100071,2020년 2월 29일 06시,토요일,부산광역시 사하구 하단동,경상사고,0,0,1,0,차대사람 - 보도통행중,기타,건조,맑음,단일로 - 기타,이륜,남,18세,상해없음,보행자,여,71세,경상
노인보행자사고,2020022900100265,2020년 2월 29일 17시,토요일,부산광역시 사상구 감전동,부상신고사고,0,0,0,1,차대사람 - 횡단중,안전운전불이행,건조,맑음,교차로 - 교차로안,승용,남,52세,상해없음,보행자,남,67세,부상신고
노인보행자사고,2020030100100257,2020년 3월 1일 21시,일요일,부산광역시 부산진구 초읍동,중상사고,0,1,0,0,차대사람 - 횡단중,안전운전불이행,건조,흐림,교차로 - 교차로안,승용,남,46세,상해없음,보행자,여,87세,중상
노인보행자사고,2020030200100146,2020년 3월 2일 11시,월요일,부산광역시 동래구 사직동,경상사고,0,0,1,0,차대사람 - 차도통행중,안전운전불이행,건조,맑음,단일로 - 기타,승합,남,56세,상해없음,보행자,여,68세,경상
노인보행자사고,2020030200100277,2020년 3월 2일 16시,월요일,부산광역시 서구 충무동2가,경상사고,0,0,1,0,차대사람 - 기타,안전운전불이행,건조,맑음,단일로 - 기타,화물,남,62세,상해없음,보행자,여,68세,경상
노인보행자사고,2020030200100336,2020년 3월 2일 18시,월요일,부산광역시 사상구 괘법동,중상사고,0,1,0,0,차대사람 - 기타,안전운전불이행,건조,맑음,단일로 - 기타,화물,남,50세,상해없음,보행자,남,70세,중상
노인보행자사고,2020030200100337,2020년 3월 2일 18시,월요일,부산광역시 기장군 철마면,중상사고,0,1,0,0,차대사람 - 횡단중,안전운전불이행,건조,맑음,단일로 - 기타,승용,남,63세,상해없음,보행자,여,66세,중상
노인보행자사고,2020030300100166,2020년 3월 3일 12시,화요일,부산광역시 부산진구 당감동,경상사고,0,0,1,0,차대사람 - 횡단중,보행자보호의무위반,건조,맑음,교차로 - 교차로횡단보도내,승용,남,42세,상해없음,보행자,여,75세,경상
노인보행자사고,2020030400100111,2020년 3월 4일 11시,수요일,부산광역시 동래구 사직동,경상사고,0,0,1,0,차대사람 - 기타,안전운전불이행,건조,맑음,단일로 - 기타,화물,남,42세,상해없음,보행자,남,65세,경상
노인보행자사고,2020030400100265,2020년 3월 4일 17시,수요일,부산광역시 수영구 망미동,중상사고,0,1,0,0,차대사람 - 기타,안전운전불이행,건조,맑음,교차로 - 교차로안,승용,남,61세,상해없음,보행자,남,65세,중상
노인보행자사고,2020030400100359,2020년 3월 4일 20시,수요일,부산광역시 동래구 온천동,중상사고,0,1,0,0,차대사람 - 횡단중,보행자보호의무위반,건조,맑음,단일로 - 기타,화물,남,62세,상해없음,보행자,남,71세,중상
노인보행자사고,2020030600100202,2020년 3월 6일 12시,금요일,부산광역시 북구 구포동,중상사고,0,1,0,0,차대사람 - 기타,신호위반,건조,맑음,기타 - 기타,이륜,남,52세,상해없음,보행자,여,67세,중상
노인보행자사고,2020030600100231,2020년 3월 6일 13시,금요일,부산광역시 수영구 광안동,중상사고,0,1,0,0,차대사람 - 보도통행중,안전운전불이행,건조,맑음,단일로 - 기타,자전거,여,24세,상해없음,보행자,남,69세,중상
노인보행자사고,2.02003E+15,2020년 3월 6일 16시,금요일,부산광역시 사하구 괴정동,중상사고,0,1,0,0,차대사람 - 기타,안전운전불이행,건조,맑음,교차로 - 교차로부근,승용,여,61세,상해없음,보행자,여,73세,중상
노인보행자사고,2020030700100213,2020년 3월 7일 14시,토요일,부산광역시 서구 아미동2가,경상사고,0,0,1,0,차대사람 - 횡단중,보행자보호의무위반,젖음/습기,비,교차로 - 교차로부근,승용,남,28세,상해없음,보행자,남,96세,경상
노인보행자사고,2020030800100238,2020년 3월 8일 17시,일요일,부산광역시 부산진구 당감동,경상사고,0,0,1,0,차대사람 - 횡단중,신호위반,건조,맑음,단일로 - 기타,원동기,남,15세,상해없음,보행자,여,66세,경상
노인보행자사고,2020030800100278,2020년 3월 8일 18시,일요일,부산광역시 북구 구포동,경상사고,0,0,1,0,차대사람 - 기타,안전운전불이행,건조,맑음,단일로 - 기타,화물,여,62세,상해없음,보행자,남,67세,경상
노인보행자사고,2.02003E+15,2020년 3월 9일 18시,월요일,부산광역시 금정구 두구동,중상사고,0,1,0,0,차대사람 - 기타,안전운전불이행,젖음/습기,비,단일로 - 기타,화물,남,48세,상해없음,보행자,남,75세,중상
노인보행자사고,2020030900100504,2020년 3월 9일 22시,월요일,부산광역시 중구 부평동3가,경상사고,0,0,1,0,차대사람 - 횡단중,안전운전불이행,젖음/습기,비,교차로 - 교차로안,승용,남,43세,상해없음,보행자,남,69세,경상
노인보행자사고,2020031000100061,2020년 3월 10일 05시,화요일,부산광역시 사하구 감천동,중상사고,0,1,0,0,차대사람 - 기타,안전운전불이행,건조,맑음,교차로 - 교차로안,승합,남,52세,상해없음,보행자,여,73세,중상
노인보행자사고,2020031000100068,2020년 3월 10일 06시,화요일,부산광역시 연제구 거제동,사망사고,1,0,0,0,차대사람 - 횡단중,신호위반,젖음/습기,비,교차로 - 교차로횡단보도내,승용,남,30세,상해없음,보행자,남,66세,사망
노인보행자사고,2020031000100118,2020년 3월 10일 09시,화요일,부산광역시 사상구 감전동,중상사고,0,1,0,0,차대사람 - 기타,안전운전불이행,건조,맑음,단일로 - 기타,화물,남,50세,상해없음,보행자,남,78세,중상
노인보행자사고,2020031100100156,2020년 3월 11일 11시,수요일,부산광역시 남구 대연동,중상사고,0,1,0,0,차대사람 - 횡단중,안전운전불이행,건조,맑음,단일로 - 기타,승용,여,52세,상해없음,보행자,남,77세,중상
노인보행자사고,2020031300100089,2020년 3월 13일 09시,금요일,부산광역시 금정구 장전동,중상사고,0,1,0,0,차대사람 - 횡단중,안전운전불이행,건조,맑음,교차로 - 교차로안,승용,여,72세,상해없음,보행자,여,81세,중상
노인보행자사고,2020031300100291,2020년 3월 13일 16시,금요일,부산광역시 북구 구포동,중상사고,0,1,0,0,차대사람 - 기타,안전운전불이행,건조,맑음,단일로 - 기타,화물,남,48세,상해없음,보행자,여,69세,중상
노인보행자사고,2020031500100153,2020년 3월 15일 14시,일요일,부산광역시 사하구 감천동,중상사고,0,1,0,0,차대사람 - 횡단중,보행자보호의무위반,건조,맑음,교차로 - 교차로안,승용,남,30세,상해없음,보행자,여,71세,중상
노인보행자사고,2020031500100179,2020년 3월 15일 15시,일요일,부산광역시 사하구 하단동,경상사고,0,0,1,0,차대사람 - 기타,안전운전불이행,건조,맑음,단일로 - 지하차도(도로)내,승용,남,61세,상해없음,보행자,남,66세,경상
노인보행자사고,2020031600100079,2020년 3월 16일 08시,월요일,부산광역시 금정구 구서동,중상사고,0,1,0,0,차대사람 - 길가장자리구역통행중,안전운전불이행,건조,맑음,단일로 - 기타,승용,남,77세,상해없음,보행자,여,67세,중상
노인보행자사고,2020031600100116,2020년 3월 16일 09시,월요일,부산광역시 동구 초량동,중상사고,0,1,0,0,차대사람 - 횡단중,안전운전불이행,건조,맑음,단일로 - 기타,승용,여,25세,상해없음,보행자,여,73세,중상
노인보행자사고,2.02003E+15,2020년 3월 17일 07시,화요일,부산광역시 서구 암남동,부상신고사고,0,0,0,1,차대사람 - 횡단중,안전운전불이행,건조,맑음,단일로 - 기타,화물,남,45세,상해없음,보행자,남,74세,부상신고
노인보행자사고,2020031700100183,2020년 3월 17일 13시,화요일,부산광역시 금정구 서동,경상사고,0,0,1,0,차대사람 - 보도통행중,안전운전불이행,건조,맑음,교차로 - 교차로안,승용,남,72세,상해없음,보행자,여,76세,경상
노인보행자사고,2020031800100131,2020년 3월 18일 10시,수요일,부산광역시 사상구 괘법동,중상사고,0,1,0,0,차대사람 - 횡단중,신호위반,건조,맑음,단일로 - 기타,승합,남,38세,상해없음,보행자,남,76세,중상
노인보행자사고,2.02003E+15,2020년 3월 19일 08시,목요일,부산광역시 부산진구 양정동,중상사고,0,1,0,0,차대사람 - 횡단중,안전운전불이행,건조,맑음,교차로 - 교차로횡단보도내,화물,남,55세,상해없음,보행자,여,70세,중상
노인보행자사고,2020031900100126,2020년 3월 19일 11시,목요일,부산광역시 남구 대연동,중상사고,0,1,0,0,차대사람 - 기타,안전운전불이행,건조,맑음,단일로 - 기타,화물,남,59세,상해없음,보행자,여,78세,중상
노인보행자사고,2020032000100098,2020년 3월 20일 08시,금요일,부산광역시 사상구 학장동,중상사고,0,1,1,0,차대사람 - 횡단중,안전운전불이행,건조,맑음,단일로 - 기타,이륜,남,29세,경상,보행자,여,69세,중상
노인보행자사고,2020032100100447,2020년 3월 21일 19시,토요일,부산광역시 기장군 일광면,중상사고,0,1,0,0,차대사람 - 기타,안전운전불이행,건조,기타,단일로 - 기타,승합,남,36세,상해없음,보행자,남,77세,중상
노인보행자사고,2.02003E+15,2020년 3월 22일 00시,일요일,부산광역시 사하구 다대동,중상사고,0,1,0,0,차대사람 - 기타,안전운전불이행,건조,흐림,기타 - 기타,기타불명,기타불명,미분류,기타불명,보행자,남,65세,중상
노인보행자사고,2020032200100195,2020년 3월 22일 14시,일요일,부산광역시 동래구 온천동,경상사고,0,0,2,0,차대사람 - 횡단중,보행자보호의무위반,건조,맑음,교차로 - 교차로부근,승용,남,65세,상해없음,보행자,여,73세,경상
노인보행자사고,2020032300100191,2020년 3월 23일 11시,월요일,부산광역시 연제구 연산동,중상사고,0,1,0,0,차대사람 - 기타,신호위반,건조,맑음,교차로 - 교차로안,승용,여,66세,상해없음,보행자,여,73세,중상
노인보행자사고,2020032400100144,2020년 3월 24일 10시,화요일,부산광역시 연제구 연산동,경상사고,0,0,1,0,차대사람 - 길가장자리구역통행중,안전운전불이행,건조,맑음,교차로 - 교차로부근,승용,남,68세,상해없음,보행자,여,70세,경상
노인보행자사고,2020032400100177,2020년 3월 24일 11시,화요일,부산광역시 동래구 명장동,부상신고사고,0,0,0,1,차대사람 - 횡단중,안전운전불이행,건조,맑음,단일로 - 기타,승용,남,64세,상해없음,보행자,남,75세,부상신고
노인보행자사고,2020032400100374,2020년 3월 24일 17시,화요일,부산광역시 남구 문현동,중상사고,0,1,0,0,차대사람 - 기타,안전운전불이행,건조,맑음,단일로 - 기타,승용,남,39세,상해없음,보행자,여,81세,중상
노인보행자사고,2020032500100336,2020년 3월 25일 16시,수요일,부산광역시 북구 덕천동,중상사고,0,1,0,0,차대사람 - 기타,기타,건조,맑음,단일로 - 기타,승용,남,67세,상해없음,보행자,여,70세,중상
노인보행자사고,2020032500100409,2020년 3월 25일 18시,수요일,부산광역시 부산진구 부전동,중상사고,0,1,0,0,차대사람 - 횡단중,신호위반,건조,맑음,단일로 - 기타,승용,남,63세,상해없음,보행자,남,66세,중상
노인보행자사고,2020032600100066,2020년 3월 26일 07시,목요일,부산광역시 북구 덕천동,경상사고,0,0,1,0,차대사람 - 횡단중,보행자보호의무위반,건조,맑음,교차로 - 교차로횡단보도내,승용,남,48세,상해없음,보행자,여,67세,경상
노인보행자사고,2020032600100431,2020년 3월 26일 20시,목요일,부산광역시 북구 덕천동,중상사고,0,1,0,0,차대사람 - 차도통행중,안전운전불이행,젖음/습기,비,교차로 - 교차로안,승용,남,53세,상해없음,보행자,여,81세,중상
노인보행자사고,2.02003E+15,2020년 3월 27일 06시,금요일,부산광역시 사상구 덕포동,중상사고,0,1,0,0,차대사람 - 기타,안전운전불이행,젖음/습기,비,기타 - 기타,승용,남,51세,상해없음,보행자,여,75세,중상
노인보행자사고,2020032700100283,2020년 3월 27일 15시,금요일,부산광역시 동래구 수안동,중상사고,0,1,0,0,차대사람 - 기타,안전운전불이행,젖음/습기,비,단일로 - 기타,자전거,여,26세,상해없음,보행자,여,76세,중상
노인보행자사고,2020032700100399,2020년 3월 27일 18시,금요일,부산광역시 부산진구 범천동,중상사고,0,1,0,0,차대사람 - 기타,안전운전불이행,건조,맑음,교차로 - 교차로부근,승용,여,38세,상해없음,보행자,여,73세,중상
노인보행자사고,2.02003E+15,2020년 3월 27일 23시,금요일,부산광역시 서구 남부민동,사망사고,1,0,0,0,차대사람 - 횡단중,보행자보호의무위반,젖음/습기,비,단일로 - 기타,승합,남,59세,상해없음,보행자,남,73세,사망
노인보행자사고,2.02003E+15,2020년 3월 28일 08시,토요일,부산광역시 사하구 장림동,중상사고,0,1,1,0,차대사람 - 기타,안전운전불이행,건조,맑음,기타 - 기타,화물,남,61세,상해없음,보행자,남,69세,경상
노인보행자사고,2020032800100141,2020년 3월 28일 10시,토요일,부산광역시 사하구 당리동,경상사고,0,0,1,0,차대사람 - 기타,안전운전불이행,건조,맑음,단일로 - 지하차도(도로)내,승용,남,58세,상해없음,보행자,여,77세,경상
노인보행자사고,2020032800100252,2020년 3월 28일 14시,토요일,부산광역시 부산진구 개금동,중상사고,0,2,1,0,차대사람 - 길가장자리구역통행중,안전운전불이행,건조,맑음,단일로 - 기타,승용,남,59세,상해없음,보행자,여,67세,경상
노인보행자사고,2020032900100262,2020년 3월 29일 17시,일요일,부산광역시 기장군 기장읍,중상사고,0,1,0,0,차대사람 - 기타,안전운전불이행,기타,맑음,단일로 - 기타,승용,여,69세,상해없음,보행자,남,73세,중상
노인보행자사고,2020033000100111,2020년 3월 30일 09시,월요일,부산광역시 동구 좌천동,경상사고,0,0,1,0,차대사람 - 기타,기타,건조,맑음,기타 - 기타,기타불명,남,46세,상해없음,보행자,여,91세,경상
노인보행자사고,2020033000100134,2020년 3월 30일 10시,월요일,부산광역시 중구 대청동2가,중상사고,0,1,0,0,차대사람 - 횡단중,안전운전불이행,건조,맑음,단일로 - 기타,승용,남,58세,상해없음,보행자,여,84세,중상
노인보행자사고,2020033000100225,2020년 3월 30일 13시,월요일,부산광역시 중구 중앙동6가,중상사고,0,1,0,0,차대사람 - 기타,기타,건조,맑음,단일로 - 기타,승합,남,49세,상해없음,보행자,여,86세,중상
노인보행자사고,2020033000100261,2020년 3월 30일 14시,월요일,부산광역시 남구 용호동,중상사고,0,1,0,0,차대사람 - 횡단중,보행자보호의무위반,건조,맑음,기타 - 기타,승용,남,71세,상해없음,보행자,남,76세,중상
노인보행자사고,2020033000100363,2020년 3월 30일 17시,월요일,부산광역시 북구 화명동,중상사고,0,1,0,0,차대사람 - 기타,안전운전불이행,건조,맑음,단일로 - 기타,이륜,남,72세,상해없음,보행자,여,76세,중상
노인보행자사고,2020033100100177,2020년 3월 31일 11시,화요일,부산광역시 남구 대연동,중상사고,0,1,0,0,차대사람 - 횡단중,보행자보호의무위반,건조,맑음,단일로 - 기타,이륜,남,28세,상해없음,보행자,여,69세,중상
노인보행자사고,2020033100100178,2020년 3월 31일 11시,화요일,부산광역시 강서구 대저2동,중상사고,0,1,0,0,차대사람 - 기타,안전운전불이행,건조,맑음,단일로 - 기타,자전거,남,60세,상해없음,보행자,여,67세,중상
노인보행자사고,2020033100100371,2020년 3월 31일 17시,화요일,부산광역시 영도구 영선동1가,경상사고,0,0,1,0,차대사람 - 길가장자리구역통행중,안전운전불이행,건조,맑음,단일로 - 기타,원동기,남,20세,상해없음,보행자,남,73세,경상
노인보행자사고,2020033100100463,2020년 3월 31일 20시,화요일,부산광역시 영도구 영선동1가,부상신고사고,0,0,0,1,차대사람 - 횡단중,안전운전불이행,건조,맑음,단일로 - 기타,승용,남,38세,상해없음,보행자,남,68세,부상신고
노인보행자사고,2020040100100038,2020년 4월 1일 04시,수요일,부산광역시 부산진구 가야동,사망사고,1,0,0,0,차대사람 - 차도통행중,과속,젖음/습기,비,단일로 - 기타,승용,남,67세,상해없음,보행자,남,79세,사망
노인보행자사고,2020040200100385,2020년 4월 2일 17시,목요일,부산광역시 사상구 덕포동,경상사고,0,0,1,0,차대사람 - 차도통행중,안전운전불이행,건조,맑음,단일로 - 기타,승용,남,77세,상해없음,보행자,남,66세,경상
노인보행자사고,2020040300100309,2020년 4월 3일 16시,금요일,부산광역시 남구 대연동,중상사고,0,1,0,0,차대사람 - 기타,교차로운행방법위반,건조,맑음,교차로 - 교차로안,화물,남,38세,상해없음,보행자,여,73세,중상
노인보행자사고,2020040300100355,2020년 4월 3일 17시,금요일,부산광역시 부산진구 양정동,경상사고,0,0,1,0,차대사람 - 기타,안전운전불이행,건조,맑음,단일로 - 기타,자전거,남,27세,상해없음,보행자,여,78세,경상
노인보행자사고,2020040300100452,2020년 4월 3일 19시,금요일,부산광역시 부산진구 개금동,중상사고,0,1,0,0,차대사람 - 횡단중,신호위반,건조,맑음,교차로 - 교차로횡단보도내,이륜,남,49세,상해없음,보행자,여,74세,중상
노인보행자사고,2.02004E+15,2020년 4월 4일 06시,토요일,부산광역시 금정구 서동,경상사고,0,0,1,0,차대사람 - 기타,안전운전불이행,건조,맑음,교차로 - 교차로안,승용,남,60세,상해없음,보행자,남,74세,경상
노인보행자사고,2020040400100135,2020년 4월 4일 10시,토요일,부산광역시 수영구 수영동,경상사고,0,0,1,0,차대사람 - 차도통행중,안전운전불이행,건조,맑음,단일로 - 기타,승용,여,45세,상해없음,보행자,여,69세,경상
노인보행자사고,2020040400100443,2020년 4월 4일 18시,토요일,부산광역시 연제구 거제동,경상사고,0,0,1,0,차대사람 - 기타,안전운전불이행,건조,맑음,교차로 - 교차로안,승용,남,61세,상해없음,보행자,여,73세,경상
노인보행자사고,2020040400100473,2020년 4월 4일 19시,토요일,부산광역시 영도구 남항동1가,중상사고,0,1,0,0,차대사람 - 횡단중,안전운전불이행,건조,맑음,교차로 - 교차로안,화물,남,48세,상해없음,보행자,남,84세,중상