사고부문,사고번호,사고일시,요일,시군구,사고내용,사망자수,중상자수,경상자수,부상신고자수,사고유형,법규위반,노면상태,기상상태,도로형태,가해운전자 차종,가해운전자 성별,가해운전자 연령,가해운전자 상해정도,피해운전자 차종,피해운전자 성별,피해운전자 연령,피해운전자 상해정도
노인보행자사고,2020112300100233,2020년 11월 23일 12시,월요일,부산광역시 수영구 남천동,경상사고,0,0,1,0,차대사람 - 횡단중,안전운전불이행,건조,맑음,단일로 - 기타,화물,남,37세,상해없음,보행자,남,73세,경상
노인보행자사고,2020112300100235,2020년 11월 23일 12시,월요일,부산광역시 연제구 연산동,중상사고,0,1,0,0,차대사람 - 기타,안전운전불이행,건조,맑음,단일로 - 기타,승합,남,63세,상해없음,보행자,여,80세,중상
노인보행자사고,2.02011E+15,2020년 11월 23일 13시,월요일,부산광역시 강서구 명지동,중상사고,0,1,0,0,차대사람 - 횡단중,안전운전불이행,건조,맑음,교차로 - 교차로부근,승용,남,41세,상해없음,보행자,여,67세,중상
노인보행자사고,2020112300100316,2020년 11월 23일 14시,월요일,부산광역시 부산진구 개금동,중상사고,0,1,0,0,차대사람 - 차도통행중,안전운전불이행,건조,맑음,교차로 - 교차로안,승용,남,59세,상해없음,보행자,남,82세,중상
노인보행자사고,2020112400100407,2020년 11월 24일 17시,화요일,부산광역시 부산진구 부전동,경상사고,0,0,1,0,차대사람 - 횡단중,안전운전불이행,건조,맑음,단일로 - 기타,승용,남,37세,상해없음,보행자,남,71세,경상
노인보행자사고,2020112400100518,2020년 11월 24일 19시,화요일,부산광역시 중구 신창동4가,중상사고,0,1,0,0,차대사람 - 횡단중,안전운전불이행,건조,맑음,단일로 - 기타,이륜,남,48세,상해없음,보행자,여,68세,중상
노인보행자사고,2020112500100284,2020년 11월 25일 14시,수요일,부산광역시 금정구 부곡동,중상사고,0,1,0,0,차대사람 - 횡단중,보행자보호의무위반,건조,맑음,교차로 - 교차로부근,승용,여,39세,상해없음,보행자,남,81세,중상
노인보행자사고,2020112500100598,2020년 11월 25일 22시,수요일,부산광역시 동래구 수안동,중상사고,0,1,0,0,차대사람 - 횡단중,보행자보호의무위반,건조,맑음,교차로 - 교차로안,승용,남,67세,상해없음,보행자,남,66세,중상
노인보행자사고,2020112600100047,2020년 11월 26일 06시,목요일,부산광역시 해운대구 우동,중상사고,0,1,0,0,차대사람 - 횡단중,보행자보호의무위반,건조,맑음,단일로 - 기타,승용,남,34세,상해없음,보행자,남,72세,중상
노인보행자사고,2020112600100096,2020년 11월 26일 08시,목요일,부산광역시 사하구 다대동,중상사고,0,1,0,0,차대사람 - 보도통행중,안전운전불이행,건조,맑음,단일로 - 기타,이륜,남,66세,상해없음,보행자,남,68세,중상
노인보행자사고,2020112600100243,2020년 11월 26일 13시,목요일,부산광역시 금정구 서동,중상사고,0,1,0,0,차대사람 - 길가장자리구역통행중,안전운전불이행,건조,맑음,교차로 - 교차로안,승용,남,67세,상해없음,보행자,여,81세,중상
노인보행자사고,2020112700100123,2020년 11월 27일 10시,금요일,부산광역시 북구 구포동,부상신고사고,0,0,0,1,차대사람 - 기타,안전운전불이행,건조,맑음,단일로 - 기타,화물,남,48세,상해없음,보행자,남,66세,부상신고
노인보행자사고,2020112700100148,2020년 11월 27일 11시,금요일,부산광역시 동구 수정동,중상사고,0,1,0,0,차대사람 - 기타,안전운전불이행,건조,맑음,단일로 - 기타,승용,남,57세,상해없음,보행자,여,72세,중상
노인보행자사고,2020112700100326,2020년 11월 27일 16시,금요일,부산광역시 연제구 연산동,경상사고,0,0,1,0,차대사람 - 횡단중,신호위반,건조,맑음,단일로 - 기타,승용,여,64세,상해없음,보행자,여,69세,경상
노인보행자사고,2020112800100076,2020년 11월 28일 09시,토요일,부산광역시 동래구 명륜동,부상신고사고,0,0,0,1,차대사람 - 기타,안전운전불이행,건조,맑음,기타 - 기타,자전거,여,71세,상해없음,보행자,여,73세,부상신고
노인보행자사고,2020112800100175,2020년 11월 28일 12시,토요일,부산광역시 동래구 안락동,경상사고,0,0,1,0,차대사람 - 기타,안전운전불이행,건조,맑음,단일로 - 기타,승용,남,81세,상해없음,보행자,여,74세,경상
노인보행자사고,2.02011E+15,2020년 11월 28일 18시,토요일,부산광역시 사상구 감전동,중상사고,0,1,0,0,차대사람 - 차도통행중,안전운전불이행,건조,맑음,단일로 - 기타,화물,남,38세,기타불명,보행자,남,74세,중상
노인보행자사고,2020112900100259,2020년 11월 29일 17시,일요일,부산광역시 동래구 안락동,중상사고,0,1,0,0,차대사람 - 기타,안전운전불이행,건조,맑음,교차로 - 교차로횡단보도내,승용,남,36세,상해없음,보행자,남,79세,중상
노인보행자사고,2020113000100423,2020년 11월 30일 17시,월요일,부산광역시 해운대구 중동,중상사고,0,1,0,0,차대사람 - 길가장자리구역통행중,기타,건조,맑음,단일로 - 기타,이륜,남,46세,상해없음,보행자,여,67세,중상
노인보행자사고,2020113000100425,2020년 11월 30일 17시,월요일,부산광역시 연제구 연산동,경상사고,0,0,1,0,차대사람 - 기타,안전운전불이행,건조,맑음,단일로 - 기타,승합,남,69세,상해없음,보행자,남,79세,경상
노인보행자사고,2020120100100131,2020년 12월 1일 09시,화요일,부산광역시 남구 대연동,중상사고,0,1,0,0,차대사람 - 횡단중,안전운전불이행,건조,맑음,단일로 - 기타,승용,남,21세,상해없음,보행자,여,68세,중상
노인보행자사고,2020120100100445,2020년 12월 1일 17시,화요일,부산광역시 동래구 온천동,경상사고,0,0,1,0,차대사람 - 기타,안전운전불이행,건조,맑음,단일로 - 기타,승용,여,25세,상해없음,보행자,남,71세,경상
노인보행자사고,2020120100100494,2020년 12월 1일 18시,화요일,부산광역시 금정구 서동,중상사고,0,1,0,0,차대사람 - 기타,안전운전불이행,건조,맑음,단일로 - 기타,승용,여,30세,상해없음,보행자,여,82세,중상
노인보행자사고,2020120100100573,2020년 12월 1일 20시,화요일,부산광역시 수영구 망미동,중상사고,0,1,0,0,차대사람 - 횡단중,보행자보호의무위반,건조,맑음,교차로 - 교차로부근,승용,여,23세,상해없음,보행자,여,66세,중상
노인보행자사고,2020120200100066,2020년 12월 2일 08시,수요일,부산광역시 서구 남부민동,중상사고,0,1,0,0,차대사람 - 기타,안전운전불이행,건조,맑음,단일로 - 기타,승합,남,39세,상해없음,보행자,남,68세,중상
노인보행자사고,2020120200100275,2020년 12월 2일 15시,수요일,부산광역시 부산진구 당감동,경상사고,0,0,1,0,차대사람 - 기타,안전운전불이행,건조,맑음,단일로 - 기타,화물,남,54세,상해없음,보행자,남,80세,경상
노인보행자사고,2020120200100396,2020년 12월 2일 18시,수요일,부산광역시 부산진구 양정동,중상사고,0,1,2,1,차대차 - 기타,안전운전불이행,건조,맑음,교차로 - 교차로부근,승용,남,30세,부상신고,승용,여,45세,경상
노인보행자사고,2020120200100397,2020년 12월 2일 18시,수요일,부산광역시 부산진구 부암동,중상사고,0,1,0,0,차대사람 - 횡단중,안전운전불이행,건조,맑음,단일로 - 기타,이륜,남,58세,상해없음,보행자,여,78세,중상
노인보행자사고,2020120200100468,2020년 12월 2일 19시,수요일,부산광역시 금정구 장전동,중상사고,0,1,0,0,차대사람 - 기타,안전운전불이행,건조,맑음,단일로 - 기타,승용,남,35세,상해없음,보행자,여,68세,중상
노인보행자사고,2020120300100074,2020년 12월 3일 08시,목요일,부산광역시 해운대구 좌동,중상사고,0,1,1,0,차대사람 - 횡단중,신호위반,건조,맑음,교차로 - 교차로횡단보도내,승용,남,67세,상해없음,보행자,남,72세,중상
노인보행자사고,2020120300100251,2020년 12월 3일 14시,목요일,부산광역시 사하구 다대동,중상사고,0,1,0,0,차대사람 - 기타,안전운전불이행,건조,맑음,단일로 - 기타,승용,여,36세,상해없음,보행자,여,75세,중상
노인보행자사고,2020120400100022,2020년 12월 4일 03시,금요일,부산광역시 서구 충무동1가,사망사고,1,0,0,0,차대사람 - 횡단중,안전운전불이행,건조,맑음,교차로 - 교차로횡단보도내,승용,남,64세,상해없음,보행자,여,76세,사망
노인보행자사고,2020120400100131,2020년 12월 4일 09시,금요일,부산광역시 부산진구 부암동,중상사고,0,1,0,0,차대사람 - 차도통행중,안전운전불이행,건조,맑음,교차로 - 교차로횡단보도내,화물,남,60세,상해없음,보행자,여,83세,중상
노인보행자사고,2020120400100295,2020년 12월 4일 14시,금요일,부산광역시 부산진구 가야동,부상신고사고,0,0,0,1,차대사람 - 보도통행중,보행자보호의무위반,건조,맑음,단일로 - 기타,승용,남,62세,상해없음,보행자,남,81세,부상신고
노인보행자사고,2020120400100363,2020년 12월 4일 16시,금요일,부산광역시 동래구 수안동,중상사고,0,1,0,0,차대사람 - 차도통행중,안전운전불이행,건조,맑음,단일로 - 기타,승용,남,46세,상해없음,보행자,여,81세,중상
노인보행자사고,2020120500100361,2020년 12월 5일 17시,토요일,부산광역시 동래구 온천동,중상사고,0,1,0,0,차대사람 - 횡단중,보행자보호의무위반,건조,맑음,교차로 - 교차로안,승용,여,49세,상해없음,보행자,남,66세,중상
노인보행자사고,2020120600100049,2020년 12월 6일 06시,일요일,부산광역시 금정구 남산동,중상사고,0,1,0,0,차대사람 - 기타,안전운전불이행,건조,맑음,교차로 - 교차로횡단보도내,화물,남,42세,상해없음,보행자,여,77세,중상
노인보행자사고,2020120600100335,2020년 12월 6일 19시,일요일,부산광역시 사하구 괴정동,중상사고,0,1,0,0,차대사람 - 기타,안전운전불이행,건조,맑음,교차로 - 교차로부근,승용,남,29세,상해없음,보행자,남,86세,중상
노인보행자사고,2020120700100493,2020년 12월 7일 21시,월요일,부산광역시 남구 대연동,사망사고,1,0,0,0,차대사람 - 횡단중,안전운전불이행,건조,맑음,교차로 - 교차로안,승용,남,46세,상해없음,보행자,여,65세,사망
노인보행자사고,2020120800100236,2020년 12월 8일 13시,화요일,부산광역시 부산진구 범천동,중상사고,0,1,0,0,차대사람 - 차도통행중,안전운전불이행,건조,맑음,단일로 - 기타,승용,남,61세,상해없음,보행자,여,66세,중상
노인보행자사고,2020120900100207,2020년 12월 9일 12시,수요일,부산광역시 동래구 사직동,중상사고,0,1,0,0,차대사람 - 기타,안전운전불이행,건조,맑음,교차로 - 교차로안,건설기계,남,62세,상해없음,보행자,남,78세,중상
노인보행자사고,2020121000100132,2020년 12월 10일 11시,목요일,부산광역시 해운대구 좌동,중상사고,0,1,0,0,차대사람 - 횡단중,보행자보호의무위반,건조,맑음,교차로 - 교차로횡단보도내,승용,남,76세,상해없음,보행자,남,82세,중상
노인보행자사고,2020121000100161,2020년 12월 10일 12시,목요일,부산광역시 사상구 감전동,경상사고,0,0,1,0,차대사람 - 기타,안전운전불이행,건조,맑음,단일로 - 기타,승용,여,35세,상해없음,보행자,여,74세,경상
노인보행자사고,2020121000100298,2020년 12월 10일 17시,목요일,부산광역시 사하구 하단동,경상사고,0,0,1,0,차대사람 - 기타,안전운전불이행,건조,기타,교차로 - 교차로부근,승용,남,26세,상해없음,보행자,여,67세,경상
노인보행자사고,2020121100100192,2020년 12월 11일 13시,금요일,부산광역시 동래구 사직동,중상사고,0,1,0,0,차대사람 - 기타,안전운전불이행,건조,맑음,교차로 - 교차로안,승용,여,49세,상해없음,보행자,남,85세,중상
노인보행자사고,2020121100100274,2020년 12월 11일 15시,금요일,부산광역시 부산진구 부전동,중상사고,0,1,0,0,차대사람 - 횡단중,안전운전불이행,건조,맑음,단일로 - 기타,화물,남,56세,상해없음,보행자,여,76세,중상
노인보행자사고,2020121400100131,2020년 12월 14일 10시,월요일,부산광역시 수영구 남천동,중상사고,0,1,0,0,차대사람 - 횡단중,안전운전불이행,건조,맑음,교차로 - 교차로부근,화물,남,34세,상해없음,보행자,여,79세,중상
노인보행자사고,2020121400100162,2020년 12월 14일 11시,월요일,부산광역시 영도구 동삼동,중상사고,0,1,0,0,차대사람 - 기타,안전운전불이행,건조,맑음,단일로 - 기타,승합,남,54세,상해없음,보행자,여,75세,중상
노인보행자사고,2020121400100249,2020년 12월 14일 14시,월요일,부산광역시 부산진구 부암동,중상사고,0,1,0,0,차대사람 - 기타,보행자보호의무위반,건조,맑음,교차로 - 교차로횡단보도내,원동기,남,65세,상해없음,보행자,여,75세,중상
노인보행자사고,2020121600100439,2020년 12월 16일 19시,수요일,부산광역시 동래구 수안동,중상사고,0,1,0,0,차대사람 - 횡단중,보행자보호의무위반,건조,맑음,교차로 - 교차로부근,승용,남,52세,상해없음,보행자,여,72세,중상
노인보행자사고,2020121700100075,2020년 12월 17일 08시,목요일,부산광역시 남구 대연동,중상사고,0,1,0,0,차대사람 - 기타,안전운전불이행,건조,맑음,교차로 - 교차로부근,승용,남,64세,상해없음,보행자,남,66세,중상
노인보행자사고,2020121700100117,2020년 12월 17일 09시,목요일,부산광역시 부산진구 가야동,경상사고,0,0,1,0,차대사람 - 기타,안전운전불이행,건조,맑음,기타 - 기타,화물,남,39세,상해없음,보행자,남,74세,경상
노인보행자사고,2020121700100352,2020년 12월 17일 16시,목요일,부산광역시 사하구 당리동,부상신고사고,0,0,0,1,차대사람 - 기타,안전운전불이행,건조,맑음,단일로 - 지하차도(도로)내,자전거,여,61세,기타불명,보행자,여,65세,부상신고
노인보행자사고,2020121800100192,2020년 12월 18일 12시,금요일,부산광역시 부산진구 부전동,중상사고,0,1,0,0,차대사람 - 차도통행중,안전운전불이행,건조,맑음,기타 - 기타,승용,여,26세,상해없음,보행자,여,72세,중상
노인보행자사고,2020121900100119,2020년 12월 19일 11시,토요일,부산광역시 수영구 남천동,중상사고,0,2,0,0,차대사람 - 보도통행중,보행자보호의무위반,건조,맑음,교차로 - 교차로횡단보도내,승용,여,69세,상해없음,보행자,여,74세,중상
노인보행자사고,2020121900100257,2020년 12월 19일 15시,토요일,부산광역시 동래구 사직동,경상사고,0,0,1,0,차대사람 - 차도통행중,안전운전불이행,건조,맑음,단일로 - 기타,승용,남,27세,기타불명,보행자,여,74세,경상
노인보행자사고,2020121900100294,2020년 12월 19일 16시,토요일,부산광역시 사상구 주례동,경상사고,0,0,1,0,차대사람 - 횡단중,안전운전불이행,건조,맑음,단일로 - 기타,승용,남,51세,상해없음,보행자,여,91세,경상
노인보행자사고,2020121900100369,2020년 12월 19일 18시,토요일,부산광역시 해운대구 석대동,중상사고,0,1,0,0,차대사람 - 횡단중,안전운전불이행,건조,맑음,단일로 - 기타,승용,남,57세,상해없음,보행자,남,80세,중상
노인보행자사고,2020121900100437,2020년 12월 19일 19시,토요일,부산광역시 연제구 거제동,중상사고,0,1,0,0,차대사람 - 차도통행중,안전운전불이행,건조,맑음,단일로 - 기타,승용,남,41세,상해없음,보행자,여,78세,중상
노인보행자사고,2020122000100011,2020년 12월 20일 01시,일요일,부산광역시 연제구 연산동,부상신고사고,0,0,0,1,차대사람 - 기타,안전운전불이행,건조,맑음,교차로 - 교차로안,승용,남,48세,상해없음,보행자,남,70세,부상신고
노인보행자사고,2020122100100255,2020년 12월 21일 13시,월요일,부산광역시 동구 초량동,경상사고,0,0,1,0,차대사람 - 차도통행중,안전운전불이행,건조,맑음,교차로 - 교차로안,승용,남,51세,상해없음,보행자,여,72세,경상
노인보행자사고,2020122100100257,2020년 12월 21일 13시,월요일,부산광역시 부산진구 부전동,중상사고,0,1,0,0,차대사람 - 기타,안전운전불이행,건조,맑음,교차로 - 교차로안,승합,남,59세,상해없음,보행자,여,69세,중상
노인보행자사고,2.02012E+15,2020년 12월 21일 17시,월요일,부산광역시 부산진구 범천동,중상사고,0,1,0,0,차대사람 - 횡단중,안전운전불이행,건조,맑음,단일로 - 기타,화물,남,48세,상해없음,보행자,여,75세,중상
노인보행자사고,2020122100100448,2020년 12월 21일 18시,월요일,부산광역시 해운대구 반여동,경상사고,0,0,1,0,차대사람 - 횡단중,안전운전불이행,건조,맑음,교차로 - 교차로부근,승용,남,64세,상해없음,보행자,여,66세,경상
노인보행자사고,2.02012E+15,2020년 12월 21일 18시,월요일,부산광역시 사상구 덕포동,경상사고,0,0,1,0,차대사람 - 기타,기타,건조,기타,단일로 - 기타,건설기계,남,60세,상해없음,보행자,여,67세,경상
노인보행자사고,2020122200100045,2020년 12월 22일 07시,화요일,부산광역시 연제구 연산동,중상사고,0,1,0,0,차대사람 - 횡단중,안전운전불이행,건조,맑음,단일로 - 기타,승용,남,69세,상해없음,보행자,여,83세,중상
노인보행자사고,2020122200100247,2020년 12월 22일 14시,화요일,부산광역시 중구 부평동2가,중상사고,0,1,0,0,차대사람 - 기타,안전운전불이행,건조,맑음,단일로 - 기타,화물,남,57세,상해없음,보행자,여,76세,중상
노인보행자사고,2020122200100287,2020년 12월 22일 15시,화요일,부산광역시 금정구 장전동,중상사고,0,1,0,0,차대사람 - 기타,안전운전불이행,건조,맑음,교차로 - 교차로부근,승용,여,31세,상해없음,보행자,여,79세,중상
노인보행자사고,2020122300100037,2020년 12월 23일 06시,수요일,부산광역시 부산진구 전포동,중상사고,0,1,0,0,차대사람 - 횡단중,중앙선침범,건조,맑음,단일로 - 기타,화물,남,64세,상해없음,보행자,남,80세,중상
노인보행자사고,2020122300100201,2020년 12월 23일 12시,수요일,부산광역시 연제구 연산동,사망사고,1,0,0,0,차대사람 - 횡단중,안전운전불이행,건조,맑음,교차로 - 교차로부근,화물,남,60세,상해없음,보행자,남,72세,사망
노인보행자사고,2020122300100259,2020년 12월 23일 14시,수요일,부산광역시 동래구 온천동,경상사고,0,0,1,0,차대사람 - 기타,안전운전불이행,건조,맑음,단일로 - 기타,승합,남,43세,상해없음,보행자,남,81세,경상
노인보행자사고,2020122300100418,2020년 12월 23일 18시,수요일,부산광역시 영도구 동삼동,중상사고,0,1,0,0,차대사람 - 기타,안전운전불이행,건조,맑음,단일로 - 기타,승용,여,56세,기타불명,보행자,여,73세,중상
노인보행자사고,2020122400100049,2020년 12월 24일 07시,목요일,부산광역시 동구 초량동,경상사고,0,0,1,0,차대사람 - 횡단중,보행자보호의무위반,건조,맑음,단일로 - 기타,승용,여,44세,상해없음,보행자,여,65세,경상
노인보행자사고,2020122400100161,2020년 12월 24일 11시,목요일,부산광역시 연제구 연산동,중상사고,0,1,0,0,차대사람 - 기타,안전운전불이행,건조,맑음,단일로 - 기타,화물,남,62세,상해없음,보행자,여,67세,중상
노인보행자사고,2020122400100563,2020년 12월 24일 20시,목요일,부산광역시 기장군 일광면,중상사고,0,1,0,0,차대사람 - 횡단중,기타,건조,맑음,단일로 - 기타,승용,여,48세,상해없음,보행자,남,73세,중상
노인보행자사고,2020122500100178,2020년 12월 25일 15시,금요일,부산광역시 금정구 구서동,중상사고,0,1,0,0,차대사람 - 기타,보행자보호의무위반,건조,맑음,교차로 - 교차로안,승용,남,43세,상해없음,보행자,남,82세,중상
노인보행자사고,2020122700100049,2020년 12월 27일 10시,일요일,부산광역시 영도구 청학동,경상사고,0,0,1,0,차대사람 - 길가장자리구역통행중,안전운전불이행,건조,맑음,단일로 - 기타,화물,남,57세,상해없음,보행자,여,91세,경상
노인보행자사고,2020122700100097,2020년 12월 27일 14시,일요일,부산광역시 부산진구 전포동,중상사고,0,1,0,0,차대사람 - 횡단중,신호위반,건조,맑음,교차로 - 교차로횡단보도내,원동기,남,17세,상해없음,보행자,여,70세,중상
노인보행자사고,2020122800100022,2020년 12월 28일 05시,월요일,부산광역시 부산진구 부전동,중상사고,0,1,0,0,차대사람 - 기타,안전운전불이행,건조,맑음,교차로 - 교차로안,화물,남,56세,상해없음,보행자,남,74세,중상
노인보행자사고,2020122800100277,2020년 12월 28일 14시,월요일,부산광역시 동구 수정동,중상사고,0,1,0,0,차대사람 - 기타,안전운전불이행,건조,맑음,교차로 - 교차로안,승용,남,59세,상해없음,보행자,남,71세,중상
노인보행자사고,2020122800100315,2020년 12월 28일 15시,월요일,부산광역시 중구 영주동,경상사고,0,0,1,0,차대사람 - 횡단중,보행자보호의무위반,건조,맑음,교차로 - 교차로안,승용,남,75세,상해없음,보행자,남,68세,경상
노인보행자사고,2020122800100384,2020년 12월 28일 17시,월요일,부산광역시 동래구 수안동,중상사고,0,1,0,0,차대사람 - 차도통행중,안전운전불이행,건조,맑음,교차로 - 교차로안,승용,여,59세,기타불명,보행자,여,66세,중상
노인보행자사고,2020122800100434,2020년 12월 28일 18시,월요일,부산광역시 서구 아미동2가,중상사고,0,1,0,0,차대사람 - 차도통행중,안전운전불이행,건조,맑음,교차로 - 교차로부근,승합,남,41세,상해없음,보행자,여,73세,중상
노인보행자사고,2020122800100435,2020년 12월 28일 18시,월요일,부산광역시 북구 구포동,경상사고,0,0,1,0,차대사람 - 기타,안전운전불이행,건조,맑음,교차로 - 교차로횡단보도내,승용,여,38세,상해없음,보행자,남,80세,경상
노인보행자사고,2020122800100558,2020년 12월 28일 23시,월요일,부산광역시 중구 보수동1가,중상사고,0,1,0,0,차대사람 - 횡단중,안전운전불이행,건조,맑음,단일로 - 기타,이륜,남,41세,상해없음,보행자,여,85세,중상
노인보행자사고,2020122900100144,2020년 12월 29일 13시,화요일,부산광역시 연제구 연산동,경상사고,0,0,1,0,차대사람 - 기타,안전운전불이행,건조,맑음,단일로 - 기타,승용,남,61세,상해없음,보행자,여,82세,경상
노인보행자사고,2.02012E+15,2020년 12월 29일 18시,화요일,부산광역시 해운대구 반여동,중상사고,0,1,0,0,차대사람 - 길가장자리구역통행중,안전운전불이행,건조,맑음,교차로 - 교차로안,화물,남,63세,상해없음,보행자,여,69세,중상
노인보행자사고,2020122900100301,2020년 12월 29일 18시,화요일,부산광역시 부산진구 부암동,경상사고,0,0,1,0,차대사람 - 차도통행중,안전운전불이행,건조,맑음,교차로 - 교차로안,승용,남,62세,상해없음,보행자,여,72세,경상
노인보행자사고,2020123100100246,2020년 12월 31일 15시,목요일,부산광역시 사하구 다대동,경상사고,0,0,3,0,차대사람 - 기타,안전운전불이행,건조,맑음,단일로 - 지하차도(도로)내,승용,남,53세,상해없음,보행자,여,39세,경상
노인보행자사고,2020123100100456,2020년 12월 31일 19시,목요일,부산광역시 수영구 광안동,중상사고,0,1,0,0,차대사람 - 차도통행중,안전운전불이행,건조,맑음,교차로 - 교차로안,승용,남,33세,상해없음,보행자,여,74세,중상
노인보행자사고,2020123100100502,2020년 12월 31일 20시,목요일,부산광역시 사하구 당리동,경상사고,0,0,1,0,차대사람 - 횡단중,보행자보호의무위반,건조,맑음,단일로 - 기타,이륜,남,60세,상해없음,보행자,남,67세,경상
노인보행자사고,2021010200100209,2021년 1월 2일 15시,토요일,부산광역시 남구 용호동,경상사고,0,0,1,0,차대사람 - 기타,안전운전불이행,건조,맑음,기타 - 기타,승용,남,44세,상해없음,보행자,여,66세,경상
노인보행자사고,2021010200100388,2021년 1월 2일 21시,토요일,부산광역시 부산진구 양정동,부상신고사고,0,0,0,1,차대사람 - 횡단중,안전운전불이행,건조,맑음,교차로 - 교차로안,승용,남,28세,상해없음,보행자,남,75세,부상신고
노인보행자사고,2021010200100389,2021년 1월 2일 21시,토요일,부산광역시 연제구 연산동,경상사고,0,0,1,0,차대사람 - 횡단중,안전운전불이행,건조,맑음,단일로 - 기타,승용,남,47세,상해없음,보행자,남,72세,경상
노인보행자사고,2.02101E+15,2021년 1월 2일 21시,토요일,부산광역시 사상구 학장동,경상사고,0,0,1,0,차대사람 - 기타,안전운전불이행,건조,맑음,교차로 - 교차로부근,승용,남,30세,상해없음,보행자,남,66세,경상
노인보행자사고,2021010300100113,2021년 1월 3일 15시,일요일,부산광역시 서구 충무동1가,중상사고,0,1,0,0,차대사람 - 기타,안전운전불이행,건조,맑음,교차로 - 교차로부근,승용,남,73세,상해없음,보행자,여,70세,중상
노인보행자사고,2021010400100205,2021년 1월 4일 15시,월요일,부산광역시 금정구 부곡동,경상사고,0,0,1,0,차대사람 - 차도통행중,안전운전불이행,건조,맑음,단일로 - 기타,승용,여,29세,상해없음,보행자,여,65세,경상
노인보행자사고,2021010400100294,2021년 1월 4일 18시,월요일,부산광역시 서구 아미동2가,중상사고,0,1,0,0,차대사람 - 횡단중,보행자보호의무위반,건조,맑음,교차로 - 교차로횡단보도내,이륜,남,58세,상해없음,보행자,여,82세,중상
노인보행자사고,2021010400100339,2021년 1월 4일 19시,월요일,부산광역시 동구 범일동,중상사고,0,1,0,0,차대사람 - 횡단중,신호위반,건조,맑음,교차로 - 교차로횡단보도내,승용,여,57세,상해없음,보행자,여,73세,중상
노인보행자사고,2021010400100341,2021년 1월 4일 19시,월요일,부산광역시 영도구 신선동3가,중상사고,0,1,0,0,차대사람 - 기타,안전운전불이행,건조,맑음,단일로 - 기타,이륜,남,21세,상해없음,보행자,남,80세,중상
노인보행자사고,2021010400100343,2021년 1월 4일 19시,월요일,부산광역시 해운대구 반여동,경상사고,0,0,1,0,차대사람 - 길가장자리구역통행중,안전운전불이행,건조,맑음,단일로 - 기타,승용,남,45세,상해없음,보행자,남,66세,경상
노인보행자사고,2021010400100344,2021년 1월 4일 19시,월요일,부산광역시 부산진구 가야동,경상사고,0,0,1,0,차대사람 - 기타,안전운전불이행,건조,맑음,단일로 - 기타,화물,남,63세,상해없음,보행자,남,65세,경상
노인보행자사고,2021010500100041,2021년 1월 5일 08시,화요일,부산광역시 동래구 온천동,경상사고,0,0,1,0,차대사람 - 기타,보행자보호의무위반,건조,맑음,단일로 - 기타,승용,남,68세,상해없음,보행자,여,66세,경상
노인보행자사고,2.02101E+15,2021년 1월 6일 06시,수요일,부산광역시 사상구 엄궁동,경상사고,0,0,1,0,차대사람 - 기타,안전운전불이행,건조,맑음,교차로 - 교차로부근,건설기계,남,53세,상해없음,보행자,여,69세,경상
노인보행자사고,2021010600100115,2021년 1월 6일 10시,수요일,부산광역시 동래구 사직동,경상사고,0,0,1,0,차대사람 - 기타,안전운전불이행,건조,맑음,단일로 - 기타,승용,여,48세,기타불명,보행자,여,66세,경상
노인보행자사고,2021010600100116,2021년 1월 6일 10시,수요일,부산광역시 금정구 구서동,중상사고,0,1,0,0,차대사람 - 기타,기타,건조,맑음,단일로 - 기타,승용,여,49세,상해없음,보행자,남,75세,중상
노인보행자사고,2021010600100247,2021년 1월 6일 15시,수요일,부산광역시 해운대구 좌동,경상사고,0,0,1,0,차대사람 - 기타,안전운전불이행,건조,맑음,기타 - 기타,화물,남,47세,상해없음,보행자,여,80세,경상
노인보행자사고,2021010700100231,2021년 1월 7일 15시,목요일,부산광역시 강서구 명지동,사망사고,1,0,0,0,차대사람 - 횡단중,신호위반,건조,맑음,단일로 - 기타,건설기계,남,72세,상해없음,보행자,여,73세,사망