사고부문,사고번호,사고일시,요일,시군구,사고내용,사망자수,중상자수,경상자수,부상신고자수,사고유형,법규위반,노면상태,기상상태,도로형태,가해운전자 차종,가해운전자 성별,가해운전자 연령,가해운전자 상해정도,피해운전자 차종,피해운전자 성별,피해운전자 연령,피해운전자 상해정도
노인보행자사고,2021060700100452,2021년 6월 7일 18시,월요일,부산광역시 사하구 장림동,경상사고,0,0,1,0,차대사람 - 기타,안전운전불이행,건조,맑음,기타 - 기타,승용,여,50세,상해없음,보행자,여,72세,경상
노인보행자사고,2021060800100106,2021년 6월 8일 09시,화요일,부산광역시 북구 구포동,경상사고,0,0,1,0,차대사람 - 기타,보행자보호의무위반,건조,맑음,단일로 - 기타,화물,남,41세,상해없음,보행자,남,74세,경상
노인보행자사고,2021060800100277,2021년 6월 8일 14시,화요일,부산광역시 연제구 거제동,중상사고,0,1,0,0,차대사람 - 기타,안전운전불이행,건조,맑음,교차로 - 교차로안,승용,남,33세,상해없음,보행자,여,75세,중상
노인보행자사고,2021060800100315,2021년 6월 8일 15시,화요일,부산광역시 사상구 괘법동,경상사고,0,0,1,0,차대사람 - 기타,안전운전불이행,건조,맑음,단일로 - 기타,승용,남,39세,기타불명,보행자,남,66세,경상
노인보행자사고,2021060800100481,2021년 6월 8일 19시,화요일,부산광역시 금정구 두구동,중상사고,0,1,0,0,차대사람 - 횡단중,안전운전불이행,건조,맑음,단일로 - 기타,승용,남,43세,상해없음,보행자,여,70세,중상
노인보행자사고,2.02106E+15,2021년 6월 9일 10시,수요일,부산광역시 영도구 청학동,경상사고,0,0,1,0,차대사람 - 기타,안전운전불이행,건조,맑음,단일로 - 기타,승용,남,70세,상해없음,보행자,남,84세,경상
노인보행자사고,2021060900100395,2021년 6월 9일 17시,수요일,부산광역시 연제구 연산동,경상사고,0,0,3,0,차대차 - 측면충돌,교차로운행방법위반,건조,맑음,교차로 - 교차로안,승용,남,24세,기타불명,승용,남,22세,경상
노인보행자사고,2021060900100606,2021년 6월 9일 22시,수요일,부산광역시 부산진구 부전동,경상사고,0,0,1,0,차대사람 - 기타,안전운전불이행,건조,기타,기타 - 기타,승용,남,50세,상해없음,보행자,남,66세,경상
노인보행자사고,2.02106E+15,2021년 6월 10일 06시,목요일,부산광역시 남구 용호동,중상사고,0,1,0,0,차대사람 - 기타,안전운전불이행,건조,맑음,교차로 - 교차로안,승용,남,43세,상해없음,보행자,여,68세,중상
노인보행자사고,2.02106E+15,2021년 6월 10일 09시,목요일,부산광역시 금정구 부곡동,경상사고,0,0,1,0,차대사람 - 기타,안전운전불이행,건조,맑음,단일로 - 기타,자전거,남,60세,상해없음,보행자,여,81세,경상
노인보행자사고,2021061000100639,2021년 6월 10일 23시,목요일,부산광역시 사하구 신평동,사망사고,1,0,0,0,차대사람 - 횡단중,안전운전불이행,젖음/습기,비,교차로 - 교차로안,승용,남,22세,상해없음,보행자,남,76세,사망
노인보행자사고,2021061100100326,2021년 6월 11일 15시,금요일,부산광역시 기장군 기장읍,중상사고,0,1,0,0,차대사람 - 횡단중,보행자보호의무위반,건조,맑음,기타 - 기타,승용,여,59세,상해없음,보행자,여,74세,중상
노인보행자사고,2021061100100594,2021년 6월 11일 22시,금요일,부산광역시 기장군 일광면,경상사고,0,0,1,0,차대사람 - 기타,안전운전불이행,젖음/습기,비,단일로 - 기타,승용,남,60세,상해없음,보행자,남,85세,경상
노인보행자사고,2021061200100033,2021년 6월 12일 05시,토요일,부산광역시 북구 화명동,중상사고,0,1,0,0,차대사람 - 횡단중,신호위반,젖음/습기,흐림,교차로 - 교차로횡단보도내,이륜,남,23세,상해없음,보행자,여,70세,중상
노인보행자사고,2021061200100092,2021년 6월 12일 09시,토요일,부산광역시 사상구 모라동,부상신고사고,0,0,0,1,차대사람 - 횡단중,안전운전불이행,젖음/습기,비,교차로 - 교차로안,승용,여,39세,상해없음,보행자,남,79세,부상신고
노인보행자사고,2021061200100506,2021년 6월 12일 19시,토요일,부산광역시 동구 초량동,경상사고,0,0,1,0,차대사람 - 횡단중,안전운전불이행,젖음/습기,비,단일로 - 기타,이륜,남,18세,상해없음,보행자,여,67세,경상
노인보행자사고,2021061200100535,2021년 6월 12일 20시,토요일,부산광역시 사하구 하단동,경상사고,0,0,1,0,차대사람 - 횡단중,중앙선침범,젖음/습기,비,교차로 - 교차로부근,화물,남,40세,상해없음,보행자,남,65세,경상
노인보행자사고,2021061300100347,2021년 6월 13일 18시,일요일,부산광역시 동구 초량동,부상신고사고,0,0,0,1,차대사람 - 기타,안전운전불이행,건조,맑음,교차로 - 교차로안,승용,남,38세,상해없음,보행자,여,81세,부상신고
노인보행자사고,2021061400100156,2021년 6월 14일 10시,월요일,부산광역시 중구 중앙동4가,중상사고,0,1,0,0,차대사람 - 기타,기타,건조,맑음,단일로 - 기타,승용,남,52세,상해없음,보행자,여,73세,중상
노인보행자사고,2021061400100257,2021년 6월 14일 13시,월요일,부산광역시 해운대구 재송동,경상사고,0,0,1,0,차대사람 - 횡단중,중앙선침범,건조,맑음,단일로 - 기타,승용,여,41세,상해없음,보행자,여,72세,경상
노인보행자사고,2021061400100342,2021년 6월 14일 15시,월요일,부산광역시 북구 만덕동,중상사고,0,1,0,0,차대사람 - 횡단중,안전운전불이행,건조,맑음,교차로 - 교차로부근,승용,남,58세,상해없음,보행자,여,80세,중상
노인보행자사고,2021061500100128,2021년 6월 15일 10시,화요일,부산광역시 동구 범일동,중상사고,0,1,0,0,차대사람 - 횡단중,보행자보호의무위반,건조,흐림,교차로 - 교차로부근,승합,남,59세,상해없음,보행자,남,77세,중상
노인보행자사고,2021061500100165,2021년 6월 15일 11시,화요일,부산광역시 사상구 주례동,경상사고,0,0,1,0,차대사람 - 보도통행중,안전운전불이행,건조,맑음,단일로 - 기타,승용,남,31세,상해없음,보행자,남,75세,경상
노인보행자사고,2021061600100219,2021년 6월 16일 12시,수요일,부산광역시 수영구 수영동,중상사고,0,1,0,0,차대사람 - 기타,안전운전불이행,건조,맑음,교차로 - 교차로안,화물,남,42세,상해없음,보행자,여,78세,중상
노인보행자사고,2021061600100286,2021년 6월 16일 14시,수요일,부산광역시 남구 용호동,경상사고,0,0,1,0,차대사람 - 기타,안전운전불이행,건조,맑음,단일로 - 기타,화물,남,60세,상해없음,보행자,남,73세,경상
노인보행자사고,2021061700100209,2021년 6월 17일 12시,목요일,부산광역시 동래구 온천동,중상사고,0,1,0,0,차대사람 - 횡단중,신호위반,건조,맑음,단일로 - 기타,화물,남,63세,상해없음,보행자,여,78세,중상
노인보행자사고,2021061700100346,2021년 6월 17일 16시,목요일,부산광역시 중구 신창동1가,경상사고,0,0,1,0,차대사람 - 차도통행중,안전운전불이행,건조,맑음,교차로 - 교차로부근,이륜,여,44세,상해없음,보행자,남,69세,경상
노인보행자사고,2021061800100451,2021년 6월 18일 19시,금요일,부산광역시 금정구 남산동,경상사고,0,0,1,0,차대사람 - 기타,안전운전불이행,건조,맑음,교차로 - 교차로안,승용,남,29세,상해없음,보행자,여,79세,경상
노인보행자사고,2021062100100128,2021년 6월 21일 09시,월요일,부산광역시 연제구 연산동,경상사고,0,0,1,0,차대사람 - 횡단중,보행자보호의무위반,건조,맑음,교차로 - 교차로안,승용,여,47세,상해없음,보행자,여,71세,경상
노인보행자사고,2021062100100389,2021년 6월 21일 16시,월요일,부산광역시 동래구 복천동,중상사고,0,1,0,0,차대사람 - 기타,안전운전불이행,건조,맑음,단일로 - 기타,승합,남,62세,상해없음,보행자,여,68세,중상
노인보행자사고,2021062200100186,2021년 6월 22일 11시,화요일,부산광역시 부산진구 부암동,사망사고,1,0,0,0,차대사람 - 차도통행중,안전운전불이행,건조,맑음,교차로 - 교차로부근,건설기계,남,73세,상해없음,보행자,여,84세,사망
노인보행자사고,2021062200100261,2021년 6월 22일 13시,화요일,부산광역시 부산진구 부암동,경상사고,0,0,1,0,차대사람 - 차도통행중,안전운전불이행,건조,맑음,교차로 - 교차로부근,승용,남,55세,상해없음,보행자,남,72세,경상
노인보행자사고,2021062200100364,2021년 6월 22일 16시,화요일,부산광역시 부산진구 범천동,중상사고,0,1,0,0,차대사람 - 보도통행중,안전운전불이행,건조,맑음,단일로 - 기타,이륜,남,70세,기타불명,보행자,여,65세,중상
노인보행자사고,2021062300100243,2021년 6월 23일 14시,수요일,부산광역시 북구 구포동,중상사고,0,1,0,0,차대사람 - 횡단중,보행자보호의무위반,건조,맑음,교차로 - 교차로횡단보도내,승용,남,62세,상해없음,보행자,여,67세,중상
노인보행자사고,2021062500100496,2021년 6월 25일 18시,금요일,부산광역시 기장군 기장읍,경상사고,0,0,1,0,차대사람 - 기타,안전운전불이행,건조,맑음,단일로 - 기타,승용,여,57세,상해없음,보행자,여,78세,경상
노인보행자사고,2021062500100664,2021년 6월 25일 22시,금요일,부산광역시 영도구 영선동2가,경상사고,0,0,1,0,차대사람 - 기타,안전운전불이행,건조,맑음,단일로 - 기타,승용,남,52세,상해없음,보행자,여,72세,경상
노인보행자사고,2.02106E+15,2021년 6월 27일 13시,일요일,부산광역시 남구 우암동,중상사고,0,1,0,0,차대사람 - 기타,안전운전불이행,건조,맑음,단일로 - 기타,승합,남,58세,상해없음,보행자,여,82세,중상
노인보행자사고,2021062700100361,2021년 6월 27일 18시,일요일,부산광역시 해운대구 반여동,중상사고,0,1,0,0,차대사람 - 횡단중,보행자보호의무위반,건조,맑음,교차로 - 교차로횡단보도내,이륜,남,16세,상해없음,보행자,남,85세,중상
노인보행자사고,2021062700100449,2021년 6월 27일 21시,일요일,부산광역시 금정구 남산동,중상사고,0,1,0,0,차대사람 - 횡단중,보행자보호의무위반,건조,맑음,교차로 - 교차로부근,승합,여,71세,상해없음,보행자,여,68세,중상
노인보행자사고,2021062800100231,2021년 6월 28일 12시,월요일,부산광역시 수영구 광안동,경상사고,0,0,1,0,차대사람 - 기타,보행자보호의무위반,건조,맑음,교차로 - 교차로안,승용,남,69세,상해없음,보행자,남,81세,경상
노인보행자사고,2021062800100389,2021년 6월 28일 16시,월요일,부산광역시 동래구 낙민동,경상사고,0,0,1,0,차대사람 - 횡단중,보행자보호의무위반,건조,맑음,단일로 - 기타,개인형이동수단(PM),남,18세,상해없음,보행자,여,78세,경상
노인보행자사고,2.02106E+15,2021년 6월 29일 10시,화요일,부산광역시 수영구 수영동,경상사고,0,0,1,0,차대사람 - 기타,안전운전불이행,건조,맑음,단일로 - 기타,화물,남,50세,상해없음,보행자,남,78세,경상
노인보행자사고,2021062900100212,2021년 6월 29일 12시,화요일,부산광역시 서구 동대신동3가,중상사고,0,1,0,0,차대사람 - 횡단중,중앙선침범,건조,맑음,단일로 - 기타,승용,여,29세,상해없음,보행자,여,75세,중상
노인보행자사고,2021062900100326,2021년 6월 29일 15시,화요일,부산광역시 해운대구 재송동,경상사고,0,0,1,0,차대사람 - 길가장자리구역통행중,안전운전불이행,건조,맑음,교차로 - 교차로부근,화물,남,53세,상해없음,보행자,여,81세,경상
노인보행자사고,2021062900100327,2021년 6월 29일 15시,화요일,부산광역시 수영구 수영동,경상사고,0,0,1,0,차대사람 - 기타,안전운전불이행,건조,맑음,단일로 - 기타,승용,남,39세,상해없음,보행자,남,85세,경상
노인보행자사고,2021062900100562,2021년 6월 29일 20시,화요일,부산광역시 해운대구 반송동,중상사고,0,1,0,0,차대사람 - 길가장자리구역통행중,안전운전불이행,건조,맑음,단일로 - 기타,화물,남,44세,상해없음,보행자,여,79세,중상
노인보행자사고,2021063000100159,2021년 6월 30일 10시,수요일,부산광역시 해운대구 재송동,중상사고,0,1,0,0,차대사람 - 기타,보행자보호의무위반,건조,맑음,교차로 - 교차로안,화물,남,57세,상해없음,보행자,여,76세,중상
노인보행자사고,2.02106E+15,2021년 6월 30일 10시,수요일,부산광역시 부산진구 초읍동,경상사고,0,0,1,0,차대사람 - 횡단중,보행자보호의무위반,건조,맑음,기타 - 기타,승용,남,62세,상해없음,보행자,여,80세,경상
노인보행자사고,2021070100100024,2021년 7월 1일 05시,목요일,부산광역시 영도구 영선동1가,중상사고,0,1,0,0,차대사람 - 횡단중,보행자보호의무위반,건조,맑음,교차로 - 교차로안,승합,남,62세,상해없음,보행자,여,78세,중상
노인보행자사고,2.02107E+15,2021년 7월 1일 21시,목요일,부산광역시 북구 만덕동,중상사고,0,1,1,0,차대사람 - 기타,안전운전불이행,건조,맑음,교차로 - 교차로부근,승용,남,46세,상해없음,보행자,여,68세,중상
노인보행자사고,2021070200100078,2021년 7월 2일 08시,금요일,부산광역시 남구 대연동,중상사고,0,1,0,0,차대사람 - 횡단중,안전운전불이행,건조,맑음,교차로 - 교차로안,승합,남,63세,상해없음,보행자,여,74세,중상
노인보행자사고,2021070200100226,2021년 7월 2일 12시,금요일,부산광역시 금정구 남산동,중상사고,0,1,0,0,차대사람 - 횡단중,보행자보호의무위반,건조,흐림,교차로 - 교차로안,승용,남,79세,상해없음,보행자,여,68세,중상
노인보행자사고,2021070300100056,2021년 7월 3일 07시,토요일,부산광역시 부산진구 가야동,중상사고,0,1,0,0,차대사람 - 횡단중,보행자보호의무위반,건조,맑음,교차로 - 교차로횡단보도내,승용,남,33세,상해없음,보행자,여,70세,중상
노인보행자사고,2021070400100238,2021년 7월 4일 15시,일요일,부산광역시 남구 대연동,경상사고,0,0,1,0,차대사람 - 차도통행중,안전운전불이행,건조,맑음,단일로 - 기타,이륜,남,17세,상해없음,보행자,여,74세,경상
노인보행자사고,2021070500100116,2021년 7월 5일 09시,월요일,부산광역시 금정구 부곡동,중상사고,0,1,0,0,차대사람 - 횡단중,안전운전불이행,젖음/습기,비,단일로 - 기타,승용,여,34세,상해없음,보행자,여,67세,중상
노인보행자사고,2021070500100117,2021년 7월 5일 09시,월요일,부산광역시 금정구 구서동,중상사고,0,1,0,0,차대사람 - 횡단중,보행자보호의무위반,젖음/습기,비,교차로 - 교차로횡단보도내,승용,남,70세,상해없음,보행자,여,65세,중상
노인보행자사고,2021070500100187,2021년 7월 5일 11시,월요일,부산광역시 부산진구 부전동,중상사고,0,1,0,0,차대사람 - 기타,안전운전불이행,건조,기타,교차로 - 교차로안,화물,남,69세,상해없음,보행자,여,69세,중상
노인보행자사고,2021070600100466,2021년 7월 6일 19시,화요일,부산광역시 해운대구 중동,중상사고,0,1,0,0,차대사람 - 횡단중,안전운전불이행,젖음/습기,비,단일로 - 기타,승용,남,69세,상해없음,보행자,남,74세,중상
노인보행자사고,2021070700100357,2021년 7월 7일 16시,수요일,부산광역시 서구 서대신동2가,경상사고,0,0,1,0,차대사람 - 길가장자리구역통행중,안전운전불이행,젖음/습기,비,단일로 - 기타,승용,남,64세,상해없음,보행자,남,78세,경상
노인보행자사고,2021070700100639,2021년 7월 7일 23시,수요일,부산광역시 금정구 장전동,경상사고,0,0,1,0,차대사람 - 기타,안전운전불이행,건조,맑음,기타 - 기타,기타불명,기타불명,미분류,기타불명,보행자,남,69세,경상
노인보행자사고,2021070800100078,2021년 7월 8일 08시,목요일,부산광역시 남구 대연동,중상사고,0,1,0,0,차대사람 - 차도통행중,안전운전불이행,건조,흐림,단일로 - 기타,승용,남,71세,상해없음,보행자,여,84세,중상
노인보행자사고,2021070800100125,2021년 7월 8일 09시,목요일,부산광역시 중구 중앙동6가,중상사고,0,1,0,0,차대사람 - 기타,안전운전불이행,건조,맑음,단일로 - 기타,화물,남,60세,상해없음,보행자,남,78세,중상
노인보행자사고,2021070800100126,2021년 7월 8일 09시,목요일,부산광역시 수영구 광안동,경상사고,0,0,1,0,차대사람 - 기타,안전운전불이행,건조,맑음,단일로 - 기타,승용,여,56세,상해없음,보행자,여,66세,경상
노인보행자사고,2021070800100166,2021년 7월 8일 10시,목요일,부산광역시 사하구 괴정동,중상사고,0,1,0,0,차대사람 - 횡단중,보행자보호의무위반,건조,맑음,교차로 - 교차로안,승용,남,63세,상해없음,보행자,남,85세,중상
노인보행자사고,2021070800100168,2021년 7월 8일 10시,목요일,부산광역시 강서구 대저2동,경상사고,0,0,1,0,차대사람 - 횡단중,보행자보호의무위반,건조,맑음,교차로 - 교차로횡단보도내,화물,남,40세,상해없음,보행자,여,81세,경상
노인보행자사고,2021070800100323,2021년 7월 8일 15시,목요일,부산광역시 수영구 남천동,경상사고,0,0,1,0,차대사람 - 기타,안전운전불이행,건조,맑음,단일로 - 기타,승용,여,36세,상해없음,보행자,남,73세,경상
노인보행자사고,2021070900100072,2021년 7월 9일 08시,금요일,부산광역시 서구 동대신동1가,경상사고,0,0,1,0,차대사람 - 보도통행중,기타,젖음/습기,비,교차로 - 교차로부근,화물,남,22세,상해없음,보행자,여,72세,경상
노인보행자사고,2021070900100173,2021년 7월 9일 11시,금요일,부산광역시 금정구 부곡동,경상사고,0,0,1,0,차대사람 - 횡단중,안전운전불이행,젖음/습기,흐림,단일로 - 기타,화물,남,63세,상해없음,보행자,여,93세,경상
노인보행자사고,2021071100100287,2021년 7월 11일 18시,일요일,부산광역시 동래구 안락동,중상사고,0,1,0,0,차대사람 - 기타,안전운전불이행,건조,맑음,단일로 - 기타,이륜,남,31세,상해없음,보행자,여,77세,중상
노인보행자사고,2.02107E+15,2021년 7월 11일 21시,일요일,부산광역시 수영구 광안동,중상사고,0,1,0,0,차대사람 - 차도통행중,안전운전불이행,건조,맑음,교차로 - 교차로안,화물,남,56세,상해없음,보행자,여,72세,중상
노인보행자사고,2021071100100389,2021년 7월 11일 22시,일요일,부산광역시 금정구 구서동,부상신고사고,0,0,0,1,차대사람 - 기타,기타,건조,맑음,단일로 - 기타,승합,남,44세,상해없음,보행자,여,67세,부상신고
노인보행자사고,2021071200100248,2021년 7월 12일 14시,월요일,부산광역시 부산진구 부전동,경상사고,0,0,1,0,차대사람 - 보도통행중,기타,건조,맑음,기타 - 기타,승용,남,72세,상해없음,보행자,여,69세,경상
노인보행자사고,2021071200100332,2021년 7월 12일 16시,월요일,부산광역시 수영구 남천동,중상사고,0,1,0,0,차대사람 - 횡단중,안전운전불이행,건조,맑음,교차로 - 교차로안,승용,여,39세,상해없음,보행자,여,74세,중상
노인보행자사고,2021071300100041,2021년 7월 13일 06시,화요일,부산광역시 영도구 청학동,중상사고,0,1,0,0,차대사람 - 횡단중,신호위반,건조,맑음,교차로 - 교차로횡단보도내,승용,남,50세,상해없음,보행자,남,76세,중상
노인보행자사고,2021071300100085,2021년 7월 13일 08시,화요일,부산광역시 서구 동대신동3가,중상사고,0,1,0,0,차대사람 - 횡단중,안전운전불이행,건조,맑음,교차로 - 교차로부근,승용,남,62세,상해없음,보행자,남,80세,중상
노인보행자사고,2.02107E+15,2021년 7월 13일 08시,화요일,부산광역시 사상구 학장동,중상사고,0,1,0,0,차대사람 - 기타,보행자보호의무위반,건조,맑음,교차로 - 교차로부근,승용,여,48세,상해없음,보행자,남,83세,중상
노인보행자사고,2.02107E+15,2021년 7월 13일 10시,화요일,부산광역시 서구 동대신동3가,중상사고,0,1,0,0,차대사람 - 기타,안전운전불이행,건조,맑음,교차로 - 교차로부근,승용,여,48세,상해없음,보행자,여,70세,중상
노인보행자사고,2021071300100197,2021년 7월 13일 11시,화요일,부산광역시 사상구 주례동,경상사고,0,0,1,0,차대사람 - 기타,안전운전불이행,건조,맑음,단일로 - 기타,승합,남,63세,상해없음,보행자,여,65세,경상
노인보행자사고,2021071300100341,2021년 7월 13일 15시,화요일,부산광역시 금정구 서동,경상사고,0,0,1,0,차대사람 - 기타,안전운전불이행,건조,맑음,기타 - 기타,승용,남,48세,상해없음,보행자,남,66세,경상
노인보행자사고,2021071300100434,2021년 7월 13일 17시,화요일,부산광역시 영도구 청학동,사망사고,1,0,0,0,차대사람 - 기타,안전운전불이행,건조,맑음,교차로 - 교차로안,승합,남,60세,상해없음,보행자,여,71세,사망
노인보행자사고,2021071300100485,2021년 7월 13일 18시,화요일,부산광역시 해운대구 우동,경상사고,0,0,1,0,차대사람 - 횡단중,보행자보호의무위반,건조,맑음,단일로 - 기타,승용,남,66세,상해없음,보행자,여,78세,경상
노인보행자사고,2021071300100486,2021년 7월 13일 18시,화요일,부산광역시 부산진구 범천동,중상사고,0,1,0,0,차대사람 - 횡단중,신호위반,건조,맑음,교차로 - 교차로횡단보도내,승용,여,56세,상해없음,보행자,여,77세,중상
노인보행자사고,2021071300100556,2021년 7월 13일 20시,화요일,부산광역시 서구 남부민동,중상사고,0,1,0,0,차대사람 - 횡단중,보행자보호의무위반,건조,맑음,교차로 - 교차로부근,승용,여,61세,상해없음,보행자,남,66세,중상
노인보행자사고,2021071400100143,2021년 7월 14일 10시,수요일,부산광역시 북구 화명동,중상사고,0,1,0,0,차대사람 - 기타,안전운전불이행,건조,맑음,단일로 - 기타,승용,남,58세,상해없음,보행자,남,72세,중상
노인보행자사고,2021071500100125,2021년 7월 15일 09시,목요일,부산광역시 북구 구포동,중상사고,0,1,0,0,차대사람 - 차도통행중,안전운전불이행,건조,맑음,교차로 - 교차로안,승용,여,55세,상해없음,보행자,여,66세,중상
노인보행자사고,2021071500100533,2021년 7월 15일 20시,목요일,부산광역시 연제구 연산동,중상사고,0,2,0,0,차대사람 - 기타,안전운전불이행,건조,맑음,단일로 - 기타,승용,남,62세,상해없음,보행자,여,67세,중상
노인보행자사고,2021071600100148,2021년 7월 16일 10시,금요일,부산광역시 영도구 영선동4가,경상사고,0,0,1,0,차대사람 - 차도통행중,안전운전불이행,건조,맑음,교차로 - 교차로안,승용,여,24세,상해없음,보행자,여,79세,경상
노인보행자사고,2021071600100261,2021년 7월 16일 13시,금요일,부산광역시 북구 덕천동,중상사고,0,1,0,0,차대차 - 측면충돌,안전거리미확보,건조,맑음,단일로 - 지하차도(도로)내,이륜,남,17세,상해없음,승합,남,58세,상해없음
노인보행자사고,2021071700100041,2021년 7월 17일 05시,토요일,부산광역시 사상구 주례동,부상신고사고,0,0,0,1,차대사람 - 기타,안전운전불이행,건조,맑음,기타 - 기타,승용,남,30세,상해없음,보행자,여,77세,부상신고
노인보행자사고,2021071900100158,2021년 7월 19일 10시,월요일,부산광역시 금정구 남산동,중상사고,0,1,0,0,차대사람 - 기타,안전운전불이행,건조,맑음,교차로 - 교차로안,승용,남,60세,상해없음,보행자,여,71세,중상
노인보행자사고,2021071900100412,2021년 7월 19일 17시,월요일,부산광역시 금정구 구서동,부상신고사고,0,0,0,1,차대사람 - 기타,안전운전불이행,건조,맑음,단일로 - 기타,자전거,남,60세,상해없음,보행자,여,66세,부상신고
노인보행자사고,2021071900100574,2021년 7월 19일 22시,월요일,부산광역시 부산진구 개금동,중상사고,0,1,0,0,차대사람 - 기타,안전운전불이행,건조,맑음,단일로 - 기타,승용,여,49세,상해없음,보행자,남,66세,중상
노인보행자사고,2021072000100161,2021년 7월 20일 11시,화요일,부산광역시 영도구 신선동1가,중상사고,0,1,0,0,차대사람 - 횡단중,안전운전불이행,건조,맑음,단일로 - 기타,이륜,남,69세,상해없음,보행자,남,76세,중상
노인보행자사고,2021072000100376,2021년 7월 20일 17시,화요일,부산광역시 연제구 연산동,중상사고,0,1,0,0,차대사람 - 기타,보행자보호의무위반,건조,맑음,교차로 - 교차로횡단보도내,승용,여,70세,상해없음,보행자,여,75세,중상
노인보행자사고,2.02107E+15,2021년 7월 21일 10시,수요일,부산광역시 동구 수정동,중상사고,0,1,0,0,차대사람 - 차도통행중,안전운전불이행,건조,맑음,단일로 - 기타,승용,남,40세,상해없음,보행자,여,83세,중상
노인보행자사고,2021072100100359,2021년 7월 21일 15시,수요일,부산광역시 해운대구 좌동,중상사고,0,1,0,0,차대사람 - 기타,기타,건조,맑음,단일로 - 기타,승용,여,55세,상해없음,보행자,남,81세,중상
노인보행자사고,2021072100100589,2021년 7월 21일 20시,수요일,부산광역시 동구 범일동,경상사고,0,0,1,0,차대사람 - 차도통행중,안전운전불이행,건조,맑음,단일로 - 기타,승용,남,56세,상해없음,보행자,여,84세,경상
노인보행자사고,2.02107E+15,2021년 7월 24일 11시,토요일,부산광역시 동래구 안락동,경상사고,0,0,1,0,차대사람 - 횡단중,보행자보호의무위반,건조,맑음,교차로 - 교차로안,화물,남,40세,상해없음,보행자,남,76세,경상
노인보행자사고,2021072400100151,2021년 7월 24일 11시,토요일,부산광역시 금정구 부곡동,중상사고,0,1,0,0,차대사람 - 기타,보행자보호의무위반,건조,맑음,교차로 - 교차로횡단보도내,승합,남,47세,기타불명,보행자,여,83세,중상
노인보행자사고,2021072500100216,2021년 7월 25일 15시,일요일,부산광역시 금정구 부곡동,경상사고,0,0,1,0,차대사람 - 횡단중,안전운전불이행,건조,맑음,교차로 - 교차로안,승용,남,51세,상해없음,보행자,여,72세,경상
노인보행자사고,2021072500100379,2021년 7월 25일 20시,일요일,부산광역시 동래구 명장동,경상사고,0,0,1,0,차대사람 - 보도통행중,안전운전불이행,건조,맑음,단일로 - 기타,승용,남,27세,상해없음,보행자,남,69세,경상
노인보행자사고,2.02107E+15,2021년 7월 26일 11시,월요일,부산광역시 부산진구 부전동,중상사고,0,1,0,0,차대사람 - 횡단중,보행자보호의무위반,건조,맑음,교차로 - 교차로횡단보도내,승용,남,72세,기타불명,보행자,남,83세,중상
노인보행자사고,2021072600100471,2021년 7월 26일 18시,월요일,부산광역시 북구 만덕동,중상사고,0,1,0,0,차대사람 - 기타,신호위반,건조,맑음,단일로 - 기타,승용,남,36세,상해없음,보행자,여,72세,중상
노인보행자사고,2021072700100036,2021년 7월 27일 06시,화요일,부산광역시 사하구 괴정동,중상사고,0,1,0,0,차대사람 - 횡단중,안전운전불이행,건조,맑음,단일로 - 기타,승용,남,66세,상해없음,보행자,여,71세,중상
노인보행자사고,2021072700100565,2021년 7월 27일 21시,화요일,부산광역시 부산진구 전포동,중상사고,0,1,0,0,차대사람 - 횡단중,보행자보호의무위반,건조,맑음,교차로 - 교차로횡단보도내,승용,남,71세,상해없음,보행자,여,76세,중상
노인보행자사고,2021072700100593,2021년 7월 27일 22시,화요일,부산광역시 금정구 장전동,경상사고,0,0,1,0,차대사람 - 기타,안전운전불이행,건조,맑음,단일로 - 기타,개인형이동수단(PM),여,22세,상해없음,보행자,남,66세,경상
노인보행자사고,2.02107E+15,2021년 7월 28일 06시,수요일,부산광역시 연제구 거제동,중상사고,0,1,0,0,차대사람 - 기타,보행자보호의무위반,건조,맑음,교차로 - 교차로부근,화물,남,59세,상해없음,보행자,남,74세,중상
노인보행자사고,2021072800100389,2021년 7월 28일 17시,수요일,부산광역시 중구 대청동1가,중상사고,0,1,0,0,차대사람 - 차도통행중,안전운전불이행,건조,맑음,교차로 - 교차로안,이륜,남,76세,상해없음,보행자,여,67세,중상
노인보행자사고,2021073000100071,2021년 7월 30일 08시,금요일,부산광역시 해운대구 좌동,중상사고,0,1,0,0,차대사람 - 기타,보행자보호의무위반,건조,맑음,단일로 - 기타,승용,여,37세,상해없음,보행자,여,70세,중상