사고부문,사고번호,사고일시,요일,시군구,사고내용,사망자수,중상자수,경상자수,부상신고자수,사고유형,법규위반,노면상태,기상상태,도로형태,가해운전자 차종,가해운전자 성별,가해운전자 연령,가해운전자 상해정도,피해운전자 차종,피해운전자 성별,피해운전자 연령,피해운전자 상해정도
노인보행자사고,2021073000100102,2021년 7월 30일 09시,금요일,부산광역시 부산진구 범천동,중상사고,0,1,0,0,차대사람 - 기타,보행자보호의무위반,건조,맑음,교차로 - 교차로안,승용,남,39세,상해없음,보행자,남,72세,중상
노인보행자사고,2021073000100156,2021년 7월 30일 11시,금요일,부산광역시 남구 문현동,중상사고,0,1,0,0,차대사람 - 횡단중,안전운전불이행,건조,맑음,기타 - 기타,승용,남,43세,상해없음,보행자,여,66세,중상
노인보행자사고,2021073100100173,2021년 7월 31일 12시,토요일,부산광역시 동구 좌천동,중상사고,0,1,0,0,차대사람 - 기타,안전운전불이행,건조,맑음,단일로 - 기타,승용,남,73세,상해없음,보행자,여,80세,중상
노인보행자사고,2021073100100479,2021년 7월 31일 20시,토요일,부산광역시 동래구 온천동,중상사고,0,1,0,0,차대사람 - 횡단중,보행자보호의무위반,건조,맑음,교차로 - 교차로안,승용,남,37세,상해없음,보행자,여,73세,중상
노인보행자사고,2021080200100375,2021년 8월 2일 17시,월요일,부산광역시 금정구 부곡동,중상사고,0,1,1,0,차대사람 - 횡단중,안전운전불이행,건조,맑음,교차로 - 교차로횡단보도내,승용,여,33세,상해없음,보행자,여,41세,중상
노인보행자사고,2021080300100025,2021년 8월 3일 05시,화요일,부산광역시 부산진구 초읍동,중상사고,0,1,0,0,차대사람 - 기타,안전운전불이행,건조,맑음,기타 - 기타,화물,남,55세,상해없음,보행자,여,76세,중상
노인보행자사고,2021080300100226,2021년 8월 3일 14시,화요일,부산광역시 해운대구 반여동,경상사고,0,0,1,0,차대사람 - 기타,안전운전불이행,젖음/습기,맑음,단일로 - 기타,승용,여,63세,상해없음,보행자,남,71세,경상
노인보행자사고,2021080300100301,2021년 8월 3일 16시,화요일,부산광역시 동구 초량동,경상사고,0,0,1,0,차대사람 - 차도통행중,보행자보호의무위반,건조,맑음,단일로 - 기타,이륜,남,21세,상해없음,보행자,여,73세,경상
노인보행자사고,2021080400100233,2021년 8월 4일 13시,수요일,부산광역시 사하구 장림동,중상사고,0,1,0,0,차대사람 - 기타,신호위반,건조,맑음,단일로 - 기타,이륜,여,54세,상해없음,보행자,여,68세,중상
노인보행자사고,2021080400100307,2021년 8월 4일 15시,수요일,부산광역시 영도구 청학동,경상사고,0,0,1,0,차대사람 - 횡단중,안전운전불이행,건조,맑음,단일로 - 기타,승용,남,61세,상해없음,보행자,여,76세,경상
노인보행자사고,2021080500100106,2021년 8월 5일 09시,목요일,부산광역시 남구 대연동,중상사고,0,1,0,0,차대사람 - 길가장자리구역통행중,안전운전불이행,건조,맑음,단일로 - 기타,승용,여,29세,상해없음,보행자,여,76세,중상
노인보행자사고,2021080500100131,2021년 8월 5일 10시,목요일,부산광역시 기장군 기장읍,중상사고,0,1,0,0,차대사람 - 기타,안전운전불이행,건조,맑음,단일로 - 기타,승용,남,66세,상해없음,보행자,남,73세,중상
노인보행자사고,2021080500100322,2021년 8월 5일 15시,목요일,부산광역시 사하구 감천동,중상사고,0,1,0,0,차대사람 - 횡단중,보행자보호의무위반,건조,맑음,교차로 - 교차로횡단보도내,승용,남,60세,상해없음,보행자,여,68세,중상
노인보행자사고,2021080600100196,2021년 8월 6일 12시,금요일,부산광역시 연제구 거제동,경상사고,0,0,1,0,차대사람 - 보도통행중,기타,건조,맑음,단일로 - 기타,이륜,남,44세,상해없음,보행자,여,69세,경상
노인보행자사고,2021080600100234,2021년 8월 6일 13시,금요일,부산광역시 해운대구 좌동,경상사고,0,0,1,0,차대사람 - 횡단중,안전운전불이행,건조,맑음,단일로 - 기타,기타불명,기타불명,미분류,기타불명,보행자,여,78세,경상
노인보행자사고,2021080700100034,2021년 8월 7일 06시,토요일,부산광역시 남구 대연동,중상사고,0,1,0,0,차대사람 - 보도통행중,기타,건조,맑음,단일로 - 기타,승용,여,45세,상해없음,보행자,여,79세,중상
노인보행자사고,2021080700100351,2021년 8월 7일 17시,토요일,부산광역시 동구 범일동,중상사고,0,1,0,0,차대사람 - 차도통행중,보행자보호의무위반,건조,맑음,단일로 - 기타,이륜,남,25세,상해없음,보행자,남,71세,중상
노인보행자사고,2021080700100463,2021년 8월 7일 20시,토요일,부산광역시 부산진구 양정동,중상사고,0,1,0,0,차대사람 - 기타,안전운전불이행,건조,맑음,교차로 - 교차로부근,승용,남,68세,상해없음,보행자,남,84세,중상
노인보행자사고,2021080800100288,2021년 8월 8일 18시,일요일,부산광역시 해운대구 반송동,중상사고,0,1,1,0,차대차 - 기타,안전운전불이행,건조,맑음,교차로 - 교차로안,이륜,남,30세,상해없음,이륜,남,52세,상해없음
노인보행자사고,2021080900100188,2021년 8월 9일 11시,월요일,부산광역시 남구 대연동,중상사고,0,1,0,0,차대사람 - 횡단중,안전운전불이행,건조,맑음,교차로 - 교차로안,승용,남,55세,상해없음,보행자,여,72세,중상
노인보행자사고,2021081000100042,2021년 8월 10일 07시,화요일,부산광역시 해운대구 재송동,중상사고,0,1,0,0,차대사람 - 횡단중,안전운전불이행,건조,맑음,교차로 - 교차로안,승용,여,55세,상해없음,보행자,여,82세,중상
노인보행자사고,2.02108E+15,2021년 8월 10일 09시,화요일,부산광역시 기장군 기장읍,중상사고,0,1,0,0,차대사람 - 기타,안전운전불이행,건조,맑음,기타 - 기타,승용,남,68세,상해없음,보행자,여,83세,중상
노인보행자사고,2021081000100431,2021년 8월 10일 19시,화요일,부산광역시 동래구 사직동,중상사고,0,1,0,0,차대사람 - 차도통행중,안전운전불이행,건조,맑음,단일로 - 기타,승용,남,54세,상해없음,보행자,여,69세,중상
노인보행자사고,2021081100100192,2021년 8월 11일 12시,수요일,부산광역시 동구 범일동,중상사고,0,1,0,0,차대사람 - 기타,안전운전불이행,건조,맑음,단일로 - 기타,화물,남,35세,상해없음,보행자,여,76세,중상
노인보행자사고,2021081100100196,2021년 8월 11일 12시,수요일,부산광역시 금정구 서동,중상사고,0,1,0,0,차대사람 - 횡단중,안전운전불이행,건조,맑음,단일로 - 기타,승용,여,64세,상해없음,보행자,여,76세,중상
노인보행자사고,2021081100100384,2021년 8월 11일 18시,수요일,부산광역시 금정구 장전동,부상신고사고,0,0,0,1,차대사람 - 차도통행중,교차로운행방법위반,건조,맑음,단일로 - 기타,승용,남,72세,상해없음,보행자,여,79세,부상신고
노인보행자사고,2021081100100454,2021년 8월 11일 20시,수요일,부산광역시 영도구 동삼동,중상사고,0,1,0,0,차대사람 - 횡단중,안전운전불이행,건조,맑음,단일로 - 기타,승용,여,46세,상해없음,보행자,여,69세,중상
노인보행자사고,2021081100100455,2021년 8월 11일 20시,수요일,부산광역시 영도구 동삼동,중상사고,0,1,0,0,차대사람 - 횡단중,안전운전불이행,건조,맑음,교차로 - 교차로안,승용,남,20세,상해없음,보행자,여,80세,중상
노인보행자사고,2021081200100016,2021년 8월 12일 04시,목요일,부산광역시 사상구 엄궁동,경상사고,0,0,1,0,차대사람 - 횡단중,안전운전불이행,건조,맑음,기타 - 기타,이륜,남,21세,상해없음,보행자,여,72세,경상
노인보행자사고,2021081200100021,2021년 8월 12일 05시,목요일,부산광역시 사하구 감천동,중상사고,0,1,0,0,차대사람 - 횡단중,기타,건조,맑음,단일로 - 기타,승용,남,58세,상해없음,보행자,여,70세,중상
노인보행자사고,2021081200100512,2021년 8월 12일 21시,목요일,부산광역시 금정구 장전동,사망사고,1,0,0,0,차대사람 - 횡단중,안전운전불이행,젖음/습기,비,교차로 - 교차로안,승용,남,69세,상해없음,보행자,남,72세,사망
노인보행자사고,2021081300100473,2021년 8월 13일 19시,금요일,부산광역시 연제구 연산동,경상사고,0,0,1,0,차대사람 - 기타,안전운전불이행,건조,맑음,교차로 - 교차로부근,승용,여,63세,상해없음,보행자,여,70세,경상
노인보행자사고,2021081300100498,2021년 8월 13일 20시,금요일,부산광역시 사하구 감천동,중상사고,0,1,0,0,차대사람 - 기타,안전운전불이행,건조,맑음,기타 - 기타,승용,남,35세,상해없음,보행자,남,75세,중상
노인보행자사고,2021081400100355,2021년 8월 14일 18시,토요일,부산광역시 사하구 괴정동,중상사고,0,1,0,0,차대사람 - 횡단중,신호위반,건조,맑음,교차로 - 교차로횡단보도내,이륜,남,18세,상해없음,보행자,여,82세,중상
노인보행자사고,2021081600100157,2021년 8월 16일 13시,월요일,부산광역시 동래구 낙민동,중상사고,0,1,0,0,차대사람 - 횡단중,안전운전불이행,건조,맑음,단일로 - 기타,승용,남,52세,상해없음,보행자,여,77세,중상
노인보행자사고,2021081600100303,2021년 8월 16일 17시,월요일,부산광역시 수영구 민락동,경상사고,0,0,1,0,차대사람 - 기타,안전운전불이행,건조,맑음,단일로 - 기타,승용,남,46세,상해없음,보행자,남,78세,경상
노인보행자사고,2021081700100166,2021년 8월 17일 11시,화요일,부산광역시 부산진구 개금동,중상사고,0,1,0,0,차대사람 - 횡단중,보행자보호의무위반,젖음/습기,비,교차로 - 교차로횡단보도내,승용,여,50세,상해없음,보행자,남,86세,중상
노인보행자사고,2.02108E+15,2021년 8월 17일 17시,화요일,부산광역시 서구 충무동2가,중상사고,0,1,0,0,차대사람 - 보도통행중,안전운전불이행,건조,맑음,단일로 - 기타,승용,남,58세,상해없음,보행자,여,81세,중상
노인보행자사고,2021081800100149,2021년 8월 18일 11시,수요일,부산광역시 서구 충무동1가,중상사고,0,1,0,0,차대사람 - 기타,안전운전불이행,젖음/습기,비,단일로 - 기타,승용,남,55세,상해없음,보행자,여,72세,중상
노인보행자사고,2.02108E+15,2021년 8월 18일 11시,수요일,부산광역시 북구 덕천동,경상사고,0,0,1,0,차대사람 - 차도통행중,안전운전불이행,건조,맑음,기타 - 기타,원동기,남,29세,상해없음,보행자,여,72세,경상
노인보행자사고,2021081800100315,2021년 8월 18일 16시,수요일,부산광역시 부산진구 양정동,중상사고,0,1,0,0,차대사람 - 횡단중,보행자보호의무위반,건조,맑음,교차로 - 교차로횡단보도내,화물,남,32세,상해없음,보행자,남,74세,중상
노인보행자사고,2021081800100357,2021년 8월 18일 17시,수요일,부산광역시 부산진구 개금동,중상사고,0,1,0,0,차대사람 - 횡단중,안전운전불이행,건조,맑음,교차로 - 교차로안,승용,여,39세,상해없음,보행자,여,83세,중상
노인보행자사고,2021081900100056,2021년 8월 19일 08시,목요일,부산광역시 동래구 낙민동,경상사고,0,0,1,0,차대사람 - 횡단중,보행자보호의무위반,건조,맑음,단일로 - 기타,화물,남,32세,상해없음,보행자,여,69세,경상
노인보행자사고,2021081900100058,2021년 8월 19일 08시,목요일,부산광역시 해운대구 좌동,중상사고,0,1,0,0,차대사람 - 기타,보행자보호의무위반,건조,맑음,단일로 - 기타,승용,남,28세,상해없음,보행자,남,90세,중상
노인보행자사고,2021082000100347,2021년 8월 20일 16시,금요일,부산광역시 금정구 서동,중상사고,0,1,0,0,차대사람 - 횡단중,안전운전불이행,건조,맑음,단일로 - 기타,승용,남,72세,상해없음,보행자,여,78세,중상
노인보행자사고,2021082100100067,2021년 8월 21일 09시,토요일,부산광역시 동구 수정동,중상사고,0,1,0,0,차대사람 - 기타,안전운전불이행,젖음/습기,비,단일로 - 기타,승합,남,48세,상해없음,보행자,여,66세,중상
노인보행자사고,2021082300100111,2021년 8월 23일 10시,월요일,부산광역시 사상구 모라동,중상사고,0,1,0,0,차대사람 - 기타,안전운전불이행,건조,맑음,기타 - 기타,승용,남,60세,상해없음,보행자,여,69세,중상
노인보행자사고,2021082300100263,2021년 8월 23일 14시,월요일,부산광역시 사하구 신평동,중상사고,0,1,0,0,차대사람 - 횡단중,신호위반,젖음/습기,비,교차로 - 교차로안,승용,남,39세,상해없음,보행자,남,66세,중상
노인보행자사고,2021082400100204,2021년 8월 24일 13시,화요일,부산광역시 연제구 연산동,경상사고,0,0,1,0,차대사람 - 기타,안전운전불이행,젖음/습기,비,단일로 - 기타,승용,여,63세,상해없음,보행자,여,72세,경상
노인보행자사고,2021082400100301,2021년 8월 24일 16시,화요일,부산광역시 연제구 거제동,중상사고,0,1,0,0,차대사람 - 횡단중,보행자보호의무위반,건조,맑음,교차로 - 교차로부근,화물,남,66세,상해없음,보행자,남,82세,중상
노인보행자사고,2021082400100488,2021년 8월 24일 21시,화요일,부산광역시 남구 감만동,경상사고,0,0,1,0,차대사람 - 횡단중,안전운전불이행,건조,맑음,단일로 - 기타,승용,남,61세,상해없음,보행자,남,66세,경상
노인보행자사고,2021082500100405,2021년 8월 25일 18시,수요일,부산광역시 중구 신창동4가,경상사고,0,0,1,0,차대사람 - 기타,안전운전불이행,젖음/습기,비,단일로 - 기타,승용,여,62세,상해없음,보행자,여,67세,경상
노인보행자사고,2021082500100408,2021년 8월 25일 18시,수요일,부산광역시 수영구 광안동,중상사고,0,1,0,0,차대사람 - 기타,안전운전불이행,젖음/습기,비,주차장 - 주차장,승용,여,63세,상해없음,보행자,남,79세,중상
노인보행자사고,2021082500100489,2021년 8월 25일 20시,수요일,부산광역시 수영구 남천동,중상사고,0,1,0,0,차대사람 - 기타,보행자보호의무위반,젖음/습기,비,단일로 - 기타,이륜,남,42세,상해없음,보행자,여,75세,중상
노인보행자사고,2021082600100076,2021년 8월 26일 08시,목요일,부산광역시 남구 대연동,중상사고,0,1,0,0,차대사람 - 기타,안전운전불이행,건조,맑음,단일로 - 기타,건설기계,남,65세,상해없음,보행자,여,78세,중상
노인보행자사고,2021082600100239,2021년 8월 26일 13시,목요일,부산광역시 금정구 부곡동,중상사고,0,1,0,0,차대사람 - 차도통행중,안전운전불이행,건조,맑음,단일로 - 기타,이륜,남,32세,상해없음,보행자,여,68세,중상
노인보행자사고,2021082600100273,2021년 8월 26일 14시,목요일,부산광역시 부산진구 양정동,중상사고,0,1,0,0,차대사람 - 횡단중,보행자보호의무위반,건조,맑음,교차로 - 교차로횡단보도내,화물,남,59세,상해없음,보행자,여,76세,중상
노인보행자사고,2021082800100454,2021년 8월 28일 20시,토요일,부산광역시 수영구 광안동,경상사고,0,0,1,0,차대사람 - 기타,안전운전불이행,건조,맑음,교차로 - 교차로부근,승용,남,41세,상해없음,보행자,여,74세,경상
노인보행자사고,2021082800100536,2021년 8월 28일 23시,토요일,부산광역시 부산진구 범천동,중상사고,0,1,0,0,차대사람 - 기타,안전운전불이행,건조,맑음,단일로 - 기타,승용,남,36세,상해없음,보행자,남,81세,중상
노인보행자사고,2021082900100064,2021년 8월 29일 11시,일요일,부산광역시 부산진구 범천동,중상사고,0,1,0,0,차대사람 - 차도통행중,안전운전불이행,건조,맑음,단일로 - 기타,승용,남,61세,상해없음,보행자,여,76세,중상
노인보행자사고,2021082900100223,2021년 8월 29일 16시,일요일,부산광역시 남구 대연동,중상사고,0,1,0,0,차대사람 - 횡단중,보행자보호의무위반,건조,맑음,교차로 - 교차로부근,화물,남,52세,상해없음,보행자,여,75세,중상
노인보행자사고,2021083000100115,2021년 8월 30일 10시,월요일,부산광역시 동래구 명륜동,중상사고,0,1,0,0,차대사람 - 기타,안전운전불이행,건조,맑음,단일로 - 기타,승용,남,67세,상해없음,보행자,여,85세,중상
노인보행자사고,2021083000100152,2021년 8월 30일 11시,월요일,부산광역시 부산진구 부전동,중상사고,0,1,0,0,차대사람 - 보도통행중,보행자보호의무위반,건조,맑음,단일로 - 기타,화물,남,66세,상해없음,보행자,여,77세,중상
노인보행자사고,2021083100100035,2021년 8월 31일 06시,화요일,부산광역시 서구 남부민동,중상사고,0,1,0,0,차대사람 - 횡단중,안전운전불이행,건조,맑음,단일로 - 기타,이륜,남,84세,상해없음,보행자,여,78세,중상
노인보행자사고,2021083100100379,2021년 8월 31일 16시,화요일,부산광역시 사상구 덕포동,사망사고,1,0,0,0,차대사람 - 기타,안전운전불이행,건조,맑음,단일로 - 기타,승용,남,80세,기타불명,보행자,남,74세,사망
노인보행자사고,2021090100100112,2021년 9월 1일 10시,수요일,부산광역시 사하구 다대동,중상사고,0,1,0,0,차대사람 - 횡단중,안전운전불이행,건조,맑음,단일로 - 기타,승용,여,38세,상해없음,보행자,여,80세,중상
노인보행자사고,2021090100100139,2021년 9월 1일 11시,수요일,부산광역시 금정구 노포동,경상사고,0,0,1,0,차대사람 - 기타,안전운전불이행,건조,맑음,단일로 - 기타,기타불명,기타불명,미분류,기타불명,보행자,여,76세,경상
노인보행자사고,2021090100100375,2021년 9월 1일 18시,수요일,부산광역시 남구 대연동,경상사고,0,0,1,0,차대사람 - 기타,안전운전불이행,건조,맑음,단일로 - 기타,이륜,남,50세,상해없음,보행자,여,82세,경상
노인보행자사고,2021090100100404,2021년 9월 1일 19시,수요일,부산광역시 동래구 온천동,중상사고,0,1,0,0,차대사람 - 기타,안전운전불이행,젖음/습기,비,단일로 - 기타,승용,남,32세,상해없음,보행자,남,87세,중상
노인보행자사고,2021090100100405,2021년 9월 1일 19시,수요일,부산광역시 부산진구 초읍동,경상사고,0,0,1,0,차대사람 - 횡단중,보행자보호의무위반,젖음/습기,비,교차로 - 교차로횡단보도내,승용,남,59세,상해없음,보행자,남,67세,경상
노인보행자사고,2021090100100515,2021년 9월 1일 22시,수요일,부산광역시 서구 남부민동,중상사고,0,1,0,0,차대사람 - 횡단중,안전운전불이행,젖음/습기,비,단일로 - 기타,승용,남,63세,상해없음,보행자,남,82세,중상
노인보행자사고,2021090300100111,2021년 9월 3일 09시,금요일,부산광역시 연제구 연산동,중상사고,0,1,0,0,차대사람 - 횡단중,보행자보호의무위반,건조,맑음,단일로 - 기타,승용,여,33세,상해없음,보행자,남,79세,중상
노인보행자사고,2021090300100155,2021년 9월 3일 11시,금요일,부산광역시 해운대구 좌동,경상사고,0,0,1,0,차대사람 - 횡단중,보행자보호의무위반,건조,맑음,교차로 - 교차로안,화물,남,57세,상해없음,보행자,남,83세,경상
노인보행자사고,2.02109E+15,2021년 9월 3일 19시,금요일,부산광역시 해운대구 우동,중상사고,0,1,0,0,차대사람 - 횡단중,보행자보호의무위반,건조,맑음,교차로 - 교차로횡단보도내,승용,남,74세,상해없음,보행자,남,76세,중상
노인보행자사고,2021090400100179,2021년 9월 4일 12시,토요일,부산광역시 사하구 다대동,중상사고,0,1,0,0,차대사람 - 횡단중,보행자보호의무위반,건조,맑음,교차로 - 교차로안,승용,여,73세,상해없음,보행자,남,74세,중상
노인보행자사고,2021090600100202,2021년 9월 6일 11시,월요일,부산광역시 동래구 수안동,중상사고,0,1,0,0,차대사람 - 기타,안전운전불이행,건조,맑음,단일로 - 기타,승용,남,67세,상해없음,보행자,여,80세,중상
노인보행자사고,2021090600100274,2021년 9월 6일 13시,월요일,부산광역시 사하구 하단동,중상사고,0,1,0,0,차대사람 - 기타,보행자보호의무위반,건조,맑음,교차로 - 교차로부근,승용,여,53세,상해없음,보행자,남,67세,중상
노인보행자사고,2021090600100372,2021년 9월 6일 16시,월요일,부산광역시 금정구 청룡동,중상사고,0,1,0,0,차대사람 - 기타,안전운전불이행,건조,맑음,단일로 - 기타,승용,남,27세,상해없음,보행자,남,86세,중상
노인보행자사고,2021090600100501,2021년 9월 6일 19시,월요일,부산광역시 강서구 대저1동,사망사고,1,0,0,0,차대차 - 기타,안전운전불이행,젖음/습기,비,단일로 - 기타,승용,남,63세,상해없음,승합,남,53세,상해없음
노인보행자사고,2021090600100502,2021년 9월 6일 19시,월요일,부산광역시 사상구 엄궁동,중상사고,0,1,0,0,차대사람 - 횡단중,기타,젖음/습기,비,교차로 - 교차로횡단보도내,승용,남,46세,상해없음,보행자,여,66세,중상
노인보행자사고,2021090600100565,2021년 9월 6일 20시,월요일,부산광역시 서구 남부민동,중상사고,0,1,0,0,차대사람 - 차도통행중,안전운전불이행,젖음/습기,비,단일로 - 기타,이륜,남,56세,상해없음,보행자,여,79세,중상
노인보행자사고,2021090600100566,2021년 9월 6일 20시,월요일,부산광역시 남구 용호동,경상사고,0,0,1,0,차대사람 - 차도통행중,안전운전불이행,건조,맑음,교차로 - 교차로안,승용,여,30세,상해없음,보행자,남,65세,경상
노인보행자사고,2021090700100028,2021년 9월 7일 05시,화요일,부산광역시 사하구 감천동,중상사고,0,1,0,0,차대사람 - 횡단중,안전운전불이행,건조,맑음,단일로 - 기타,승용,남,51세,상해없음,보행자,여,83세,중상
노인보행자사고,2021090700100118,2021년 9월 7일 09시,화요일,부산광역시 사하구 하단동,중상사고,0,1,0,0,차대사람 - 기타,안전운전불이행,건조,맑음,단일로 - 기타,승용,남,60세,상해없음,보행자,남,84세,중상
노인보행자사고,2021090800100203,2021년 9월 8일 11시,수요일,부산광역시 사하구 하단동,중상사고,0,1,0,0,차대사람 - 기타,안전운전불이행,건조,맑음,단일로 - 기타,승용,남,47세,상해없음,보행자,여,70세,중상
노인보행자사고,2021090800100204,2021년 9월 8일 11시,수요일,부산광역시 연제구 거제동,부상신고사고,0,0,0,1,차대사람 - 횡단중,안전운전불이행,건조,맑음,교차로 - 교차로부근,건설기계,남,61세,상해없음,보행자,남,82세,부상신고
노인보행자사고,2021090800100238,2021년 9월 8일 12시,수요일,부산광역시 영도구 신선동1가,중상사고,0,1,0,0,차대사람 - 차도통행중,안전운전불이행,건조,맑음,단일로 - 기타,승용,여,48세,상해없음,보행자,남,71세,중상
노인보행자사고,2021090800100629,2021년 9월 8일 22시,수요일,부산광역시 남구 대연동,중상사고,0,1,0,0,차대사람 - 기타,안전운전불이행,건조,맑음,교차로 - 교차로부근,승용,남,66세,상해없음,보행자,여,67세,중상
노인보행자사고,2021090900100144,2021년 9월 9일 10시,목요일,부산광역시 남구 대연동,경상사고,0,0,1,0,차대사람 - 보도통행중,보행자보호의무위반,건조,맑음,단일로 - 기타,화물,남,76세,상해없음,보행자,남,79세,경상
노인보행자사고,2021090900100253,2021년 9월 9일 13시,목요일,부산광역시 해운대구 반송동,중상사고,0,1,0,0,차대사람 - 길가장자리구역통행중,안전운전불이행,건조,맑음,단일로 - 기타,승용,남,58세,상해없음,보행자,남,87세,중상
노인보행자사고,2021091000100314,2021년 9월 10일 15시,금요일,부산광역시 기장군 기장읍,중상사고,0,1,0,0,차대사람 - 기타,보행자보호의무위반,건조,맑음,교차로 - 교차로부근,기타불명,기타불명,미분류,기타불명,보행자,여,85세,중상
노인보행자사고,2021091100100093,2021년 9월 11일 09시,토요일,부산광역시 강서구 녹산동,중상사고,0,1,0,0,차대사람 - 기타,기타,건조,맑음,단일로 - 기타,승합,남,62세,상해없음,보행자,여,68세,중상
노인보행자사고,2021091100100161,2021년 9월 11일 11시,토요일,부산광역시 부산진구 부전동,중상사고,0,1,0,0,차대사람 - 기타,안전운전불이행,건조,맑음,단일로 - 기타,승용,남,36세,상해없음,보행자,남,69세,중상
노인보행자사고,2021091200100068,2021년 9월 12일 10시,일요일,부산광역시 부산진구 초읍동,경상사고,0,0,2,0,차대사람 - 기타,보행자보호의무위반,건조,맑음,기타 - 기타,승용,여,74세,상해없음,보행자,여,66세,경상
노인보행자사고,2021091400100094,2021년 9월 14일 08시,화요일,부산광역시 동구 범일동,경상사고,0,0,1,0,차대사람 - 기타,안전운전불이행,건조,맑음,단일로 - 기타,승용,여,61세,상해없음,보행자,남,89세,경상
노인보행자사고,2021091400100391,2021년 9월 14일 15시,화요일,부산광역시 부산진구 부전동,중상사고,0,1,0,0,차대사람 - 차도통행중,안전운전불이행,젖음/습기,비,단일로 - 기타,승용,남,64세,상해없음,보행자,여,65세,중상
노인보행자사고,2021091500100302,2021년 9월 15일 13시,수요일,부산광역시 해운대구 재송동,경상사고,0,0,1,0,차대사람 - 횡단중,안전운전불이행,건조,맑음,단일로 - 기타,승용,여,23세,상해없음,보행자,여,66세,경상
노인보행자사고,2021091500100395,2021년 9월 15일 15시,수요일,부산광역시 동래구 명륜동,중상사고,0,1,0,0,차대사람 - 기타,안전운전불이행,건조,맑음,단일로 - 기타,특수,남,47세,상해없음,보행자,여,86세,중상
노인보행자사고,2021091500100396,2021년 9월 15일 15시,수요일,부산광역시 부산진구 전포동,경상사고,0,0,1,0,차대사람 - 횡단중,보행자보호의무위반,건조,맑음,교차로 - 교차로안,화물,남,32세,상해없음,보행자,여,76세,경상
노인보행자사고,2021091600100081,2021년 9월 16일 08시,목요일,부산광역시 기장군 정관읍,중상사고,0,1,0,0,차대사람 - 기타,기타,건조,맑음,단일로 - 기타,화물,남,57세,상해없음,보행자,남,67세,중상
노인보행자사고,2021091600100129,2021년 9월 16일 09시,목요일,부산광역시 기장군 기장읍,경상사고,0,0,1,0,차대사람 - 횡단중,안전운전불이행,건조,맑음,교차로 - 교차로부근,승용,여,67세,상해없음,보행자,여,69세,경상
노인보행자사고,2021091600100231,2021년 9월 16일 12시,목요일,부산광역시 금정구 노포동,부상신고사고,0,0,0,1,차대사람 - 기타,안전운전불이행,건조,맑음,기타 - 기타,기타불명,기타불명,미분류,기타불명,보행자,여,76세,부상신고
노인보행자사고,2021091600100275,2021년 9월 16일 13시,목요일,부산광역시 남구 대연동,경상사고,0,0,1,0,차대사람 - 길가장자리구역통행중,안전운전불이행,건조,맑음,단일로 - 기타,화물,남,68세,상해없음,보행자,여,66세,경상
노인보행자사고,2021091600100318,2021년 9월 16일 14시,목요일,부산광역시 연제구 연산동,중상사고,0,1,0,0,차대사람 - 기타,불법유턴,젖음/습기,흐림,주차장 - 주차장,승용,남,71세,상해없음,보행자,여,78세,중상
노인보행자사고,2021091700100131,2021년 9월 17일 09시,금요일,부산광역시 기장군 장안읍,중상사고,0,1,0,0,차대사람 - 보도통행중,안전운전불이행,젖음/습기,비,교차로 - 교차로부근,승용,여,39세,상해없음,보행자,여,85세,중상
노인보행자사고,2021091700100169,2021년 9월 17일 10시,금요일,부산광역시 사하구 다대동,중상사고,0,1,0,0,차대사람 - 횡단중,보행자보호의무위반,젖음/습기,비,단일로 - 기타,승용,여,36세,상해없음,보행자,여,86세,중상
노인보행자사고,2021091700100208,2021년 9월 17일 11시,금요일,부산광역시 영도구 봉래동3가,중상사고,0,1,0,0,차대사람 - 횡단중,안전운전불이행,건조,맑음,교차로 - 교차로안,승용,여,63세,상해없음,보행자,여,77세,중상
노인보행자사고,2021091700100361,2021년 9월 17일 14시,금요일,부산광역시 수영구 광안동,중상사고,0,1,0,0,차대사람 - 길가장자리구역통행중,기타,젖음/습기,비,교차로 - 교차로안,승용,남,71세,상해없음,보행자,여,70세,중상
노인보행자사고,2021091800100131,2021년 9월 18일 10시,토요일,부산광역시 금정구 남산동,중상사고,0,1,0,0,차대사람 - 횡단중,안전운전불이행,건조,맑음,단일로 - 기타,승용,남,48세,상해없음,보행자,여,81세,중상