사고부문,사고번호,사고일시,요일,시군구,사고내용,사망자수,중상자수,경상자수,부상신고자수,사고유형,법규위반,노면상태,기상상태,도로형태,가해운전자 차종,가해운전자 성별,가해운전자 연령,가해운전자 상해정도,피해운전자 차종,피해운전자 성별,피해운전자 연령,피해운전자 상해정도
노인보행자사고,2021091800100236,2021년 9월 18일 12시,토요일,부산광역시 남구 문현동,중상사고,0,1,0,0,차대사람 - 기타,안전운전불이행,건조,맑음,기타 - 기타,승합,남,51세,상해없음,보행자,여,73세,중상
노인보행자사고,2021091800100339,2021년 9월 18일 14시,토요일,부산광역시 금정구 장전동,중상사고,0,1,0,0,차대사람 - 횡단중,안전운전불이행,건조,맑음,교차로 - 교차로부근,승용,남,36세,상해없음,보행자,여,81세,중상
노인보행자사고,2021091800100461,2021년 9월 18일 17시,토요일,부산광역시 해운대구 반여동,경상사고,0,0,1,0,차대사람 - 횡단중,기타,건조,맑음,교차로 - 교차로안,이륜,남,22세,상해없음,보행자,여,69세,경상
노인보행자사고,2021091900100372,2021년 9월 19일 19시,일요일,부산광역시 해운대구 송정동,중상사고,0,1,0,0,차대사람 - 기타,안전운전불이행,건조,맑음,기타 - 기타,승용,남,27세,상해없음,보행자,여,69세,중상
노인보행자사고,2.02109E+15,2021년 9월 20일 07시,월요일,부산광역시 사상구 엄궁동,중상사고,0,1,0,0,차대사람 - 차도통행중,안전운전불이행,건조,맑음,단일로 - 기타,승용,남,56세,상해없음,보행자,여,73세,중상
노인보행자사고,2021092000100338,2021년 9월 20일 18시,월요일,부산광역시 사상구 주례동,중상사고,0,1,0,0,차대사람 - 차도통행중,안전운전불이행,건조,맑음,단일로 - 지하차도(도로)내,승용,남,46세,상해없음,보행자,남,67세,중상
노인보행자사고,2.02109E+15,2021년 9월 22일 10시,수요일,부산광역시 강서구 신호동,중상사고,0,1,0,0,차대사람 - 횡단중,보행자보호의무위반,건조,맑음,단일로 - 기타,이륜,남,33세,상해없음,보행자,여,81세,중상
노인보행자사고,2021092300100017,2021년 9월 23일 04시,목요일,부산광역시 부산진구 가야동,경상사고,0,0,1,0,차대사람 - 횡단중,안전운전불이행,건조,맑음,교차로 - 교차로안,승용,여,31세,상해없음,보행자,남,90세,경상
노인보행자사고,2021092300100325,2021년 9월 23일 15시,목요일,부산광역시 영도구 봉래동1가,경상사고,0,0,1,0,차대사람 - 횡단중,보행자보호의무위반,건조,맑음,단일로 - 기타,건설기계,남,57세,상해없음,보행자,남,69세,경상
노인보행자사고,2021092300100601,2021년 9월 23일 23시,목요일,부산광역시 중구 남포동1가,부상신고사고,0,0,0,1,차대사람 - 기타,안전운전불이행,건조,맑음,단일로 - 기타,기타불명,기타불명,미분류,기타불명,보행자,남,76세,부상신고
노인보행자사고,2021092400100261,2021년 9월 24일 14시,금요일,부산광역시 수영구 광안동,중상사고,0,1,0,0,차대사람 - 길가장자리구역통행중,안전운전불이행,건조,맑음,단일로 - 기타,승용,여,44세,상해없음,보행자,여,69세,중상
노인보행자사고,2021092400100334,2021년 9월 24일 16시,금요일,부산광역시 수영구 광안동,중상사고,0,1,0,0,차대사람 - 길가장자리구역통행중,안전운전불이행,건조,맑음,단일로 - 기타,자전거,남,39세,상해없음,보행자,여,65세,중상
노인보행자사고,2.02109E+15,2021년 9월 24일 21시,금요일,부산광역시 해운대구 석대동,사망사고,1,0,0,0,차대사람 - 차도통행중,안전운전불이행,젖음/습기,맑음,단일로 - 기타,승용,남,66세,상해없음,보행자,여,68세,사망
노인보행자사고,2021092500100084,2021년 9월 25일 10시,토요일,부산광역시 사상구 감전동,중상사고,0,1,0,0,차대사람 - 차도통행중,안전운전불이행,건조,맑음,단일로 - 기타,자전거,여,59세,상해없음,보행자,여,78세,중상
노인보행자사고,2021092500100146,2021년 9월 25일 12시,토요일,부산광역시 수영구 광안동,중상사고,0,1,0,0,차대사람 - 기타,보행자보호의무위반,건조,맑음,교차로 - 교차로안,화물,남,47세,상해없음,보행자,여,75세,중상
노인보행자사고,2021092500100198,2021년 9월 25일 14시,토요일,부산광역시 강서구 강동동,경상사고,0,0,1,0,차대사람 - 기타,안전운전불이행,건조,맑음,단일로 - 기타,승용,여,59세,상해없음,보행자,여,66세,경상
노인보행자사고,2021092500100267,2021년 9월 25일 16시,토요일,부산광역시 동래구 안락동,중상사고,0,1,0,0,차대사람 - 횡단중,보행자보호의무위반,건조,맑음,단일로 - 기타,승용,남,43세,기타불명,보행자,여,75세,중상
노인보행자사고,2.02109E+15,2021년 9월 25일 18시,토요일,부산광역시 서구 서대신동3가,중상사고,0,1,0,0,차대사람 - 횡단중,보행자보호의무위반,건조,맑음,교차로 - 교차로안,승용,여,34세,상해없음,보행자,여,67세,중상
노인보행자사고,2021092600100024,2021년 9월 26일 04시,일요일,부산광역시 사상구 괘법동,경상사고,0,0,2,0,차대사람 - 기타,안전운전불이행,건조,맑음,단일로 - 기타,이륜,남,22세,상해없음,보행자,여,66세,경상
노인보행자사고,2.02109E+15,2021년 9월 26일 05시,일요일,부산광역시 해운대구 우동,경상사고,0,0,1,0,차대사람 - 횡단중,안전운전불이행,건조,맑음,단일로 - 기타,승용,남,20세,상해없음,보행자,여,69세,경상
노인보행자사고,2.02109E+15,2021년 9월 27일 05시,월요일,부산광역시 해운대구 좌동,경상사고,0,0,1,0,차대사람 - 횡단중,신호위반,건조,흐림,교차로 - 교차로횡단보도내,승용,남,31세,상해없음,보행자,남,72세,경상
노인보행자사고,2.02109E+15,2021년 9월 27일 10시,월요일,부산광역시 강서구 대저1동,중상사고,0,1,0,0,차대사람 - 기타,중앙선침범,건조,맑음,단일로 - 기타,화물,남,60세,상해없음,보행자,여,87세,중상
노인보행자사고,2021092700100163,2021년 9월 27일 11시,월요일,부산광역시 영도구 봉래동3가,중상사고,0,1,0,0,차대사람 - 기타,안전운전불이행,건조,맑음,단일로 - 기타,승용,남,63세,상해없음,보행자,여,78세,중상
노인보행자사고,2021092700100205,2021년 9월 27일 12시,월요일,부산광역시 부산진구 초읍동,경상사고,0,0,1,0,차대사람 - 횡단중,보행자보호의무위반,건조,맑음,단일로 - 기타,승용,여,37세,상해없음,보행자,여,72세,경상
노인보행자사고,2021092800100254,2021년 9월 28일 14시,화요일,부산광역시 사상구 엄궁동,사망사고,1,0,0,0,차대사람 - 기타,안전운전불이행,건조,맑음,교차로 - 교차로부근,승용,남,63세,상해없음,보행자,남,77세,사망
노인보행자사고,2021092900100175,2021년 9월 29일 11시,수요일,부산광역시 동구 초량동,중상사고,0,1,1,0,차대사람 - 기타,기타,건조,맑음,기타 - 기타,승용,남,81세,상해없음,보행자,여,84세,중상
노인보행자사고,2021092900100207,2021년 9월 29일 12시,수요일,부산광역시 중구 남포동4가,중상사고,0,1,0,0,차대사람 - 횡단중,안전운전불이행,건조,맑음,단일로 - 지하차도(도로)내,승용,여,33세,상해없음,보행자,여,71세,중상
노인보행자사고,2021093000100267,2021년 9월 30일 13시,목요일,부산광역시 금정구 장전동,경상사고,0,0,1,0,차대사람 - 차도통행중,보행자보호의무위반,건조,맑음,단일로 - 기타,승용,남,30세,상해없음,보행자,남,83세,경상
노인보행자사고,2021093000100302,2021년 9월 30일 14시,목요일,부산광역시 금정구 부곡동,중상사고,0,1,0,0,차대사람 - 횡단중,보행자보호의무위반,건조,맑음,교차로 - 교차로횡단보도내,승합,남,64세,상해없음,보행자,여,67세,중상
노인보행자사고,2021093000100439,2021년 9월 30일 17시,목요일,부산광역시 영도구 청학동,경상사고,0,0,1,0,차대사람 - 횡단중,보행자보호의무위반,건조,맑음,단일로 - 기타,승용,남,52세,상해없음,보행자,남,76세,경상
노인보행자사고,2.0211E+15,2021년 10월 1일 07시,금요일,부산광역시 연제구 연산동,중상사고,0,1,0,0,차대사람 - 기타,안전운전불이행,건조,맑음,단일로 - 기타,승용,여,37세,상해없음,보행자,남,66세,중상
노인보행자사고,2021100100100152,2021년 10월 1일 10시,금요일,부산광역시 연제구 연산동,경상사고,0,0,1,0,차대사람 - 기타,안전운전불이행,건조,맑음,단일로 - 기타,승합,남,55세,상해없음,보행자,남,69세,경상
노인보행자사고,2021100100100481,2021년 10월 1일 18시,금요일,부산광역시 수영구 광안동,중상사고,0,1,0,0,차대사람 - 횡단중,보행자보호의무위반,건조,맑음,교차로 - 교차로안,승용,남,58세,상해없음,보행자,남,72세,중상
노인보행자사고,2021100100100482,2021년 10월 1일 18시,금요일,부산광역시 금정구 부곡동,중상사고,0,1,0,0,차대사람 - 횡단중,안전운전불이행,건조,맑음,단일로 - 기타,승용,남,41세,상해없음,보행자,남,67세,중상
노인보행자사고,2021100200100159,2021년 10월 2일 11시,토요일,부산광역시 금정구 장전동,중상사고,0,1,0,0,차대사람 - 횡단중,보행자보호의무위반,건조,맑음,교차로 - 교차로횡단보도내,승용,여,60세,상해없음,보행자,여,74세,중상
노인보행자사고,2021100200100249,2021년 10월 2일 13시,토요일,부산광역시 영도구 영선동2가,경상사고,0,0,1,0,차대사람 - 기타,안전운전불이행,건조,맑음,단일로 - 기타,승용,남,43세,상해없음,보행자,여,65세,경상
노인보행자사고,2021100200100413,2021년 10월 2일 17시,토요일,부산광역시 금정구 노포동,중상사고,0,1,0,0,차대사람 - 횡단중,안전운전불이행,건조,맑음,단일로 - 기타,승용,남,50세,상해없음,보행자,남,78세,중상
노인보행자사고,2021100200100502,2021년 10월 2일 19시,토요일,부산광역시 해운대구 재송동,중상사고,0,1,0,0,차대사람 - 기타,안전운전불이행,건조,맑음,단일로 - 기타,승용,남,32세,상해없음,보행자,남,66세,중상
노인보행자사고,2021100200100505,2021년 10월 2일 19시,토요일,부산광역시 사상구 감전동,경상사고,0,0,1,0,차대사람 - 기타,안전운전불이행,건조,맑음,교차로 - 교차로부근,승용,남,80세,상해없음,보행자,남,66세,경상
노인보행자사고,2021100300100257,2021년 10월 3일 15시,일요일,부산광역시 사하구 괴정동,중상사고,0,1,0,1,차대사람 - 기타,안전운전불이행,건조,맑음,단일로 - 기타,자전거,남,64세,부상신고,보행자,여,78세,중상
노인보행자사고,2.0211E+15,2021년 10월 4일 09시,월요일,부산광역시 사하구 감천동,중상사고,0,1,0,0,차대사람 - 길가장자리구역통행중,안전운전불이행,건조,맑음,기타 - 기타,승용,남,47세,상해없음,보행자,여,72세,중상
노인보행자사고,2021100400100098,2021년 10월 4일 10시,월요일,부산광역시 중구 남포동4가,경상사고,0,0,1,0,차대사람 - 기타,안전운전불이행,건조,맑음,단일로 - 기타,승용,여,55세,상해없음,보행자,여,80세,경상
노인보행자사고,2021100400100201,2021년 10월 4일 14시,월요일,부산광역시 부산진구 개금동,중상사고,0,1,0,0,차대사람 - 횡단중,안전운전불이행,건조,맑음,단일로 - 기타,원동기,남,42세,상해없음,보행자,여,76세,중상
노인보행자사고,2021100400100267,2021년 10월 4일 16시,월요일,부산광역시 수영구 광안동,중상사고,0,1,0,0,차대사람 - 기타,안전운전불이행,건조,맑음,기타 - 기타,승합,남,33세,상해없음,보행자,여,69세,중상
노인보행자사고,2021100500100221,2021년 10월 5일 12시,화요일,부산광역시 부산진구 부전동,경상사고,0,0,1,0,차대사람 - 차도통행중,안전운전불이행,건조,맑음,단일로 - 기타,승용,여,53세,상해없음,보행자,남,79세,경상
노인보행자사고,2.0211E+15,2021년 10월 5일 13시,화요일,부산광역시 금정구 부곡동,중상사고,0,1,0,0,차대사람 - 횡단중,안전운전불이행,건조,맑음,교차로 - 교차로안,승용,남,42세,상해없음,보행자,여,71세,중상
노인보행자사고,2021100600100033,2021년 10월 6일 06시,수요일,부산광역시 남구 우암동,중상사고,0,1,0,0,차대사람 - 차도통행중,안전운전불이행,건조,맑음,단일로 - 기타,승용,남,67세,상해없음,보행자,여,70세,중상
노인보행자사고,2021100600100281,2021년 10월 6일 14시,수요일,부산광역시 사상구 주례동,중상사고,0,1,0,0,차대사람 - 횡단중,안전운전불이행,건조,맑음,교차로 - 교차로횡단보도내,승용,남,52세,기타불명,보행자,여,77세,중상
노인보행자사고,2021100600100312,2021년 10월 6일 15시,수요일,부산광역시 사상구 괘법동,중상사고,0,1,0,0,차대사람 - 차도통행중,안전운전불이행,건조,맑음,교차로 - 교차로부근,승용,남,45세,기타불명,보행자,여,79세,중상
노인보행자사고,2021100600100397,2021년 10월 6일 17시,수요일,부산광역시 영도구 남항동2가,중상사고,0,1,0,0,차대사람 - 보도통행중,안전운전불이행,건조,맑음,단일로 - 기타,승용,남,44세,상해없음,보행자,여,69세,중상
노인보행자사고,2021100700100182,2021년 10월 7일 11시,목요일,부산광역시 동구 초량동,중상사고,0,1,0,0,차대사람 - 기타,기타,건조,맑음,기타 - 기타,화물,남,54세,상해없음,보행자,여,72세,중상
노인보행자사고,2021100700100248,2021년 10월 7일 13시,목요일,부산광역시 사상구 모라동,경상사고,0,0,1,0,차대사람 - 횡단중,보행자보호의무위반,건조,맑음,교차로 - 교차로부근,화물,남,35세,상해없음,보행자,남,67세,경상
노인보행자사고,2021100800100071,2021년 10월 8일 08시,금요일,부산광역시 남구 우암동,경상사고,0,0,1,0,차대사람 - 기타,안전운전불이행,건조,맑음,단일로 - 기타,화물,남,53세,상해없음,보행자,여,81세,경상
노인보행자사고,2021100800100215,2021년 10월 8일 12시,금요일,부산광역시 수영구 광안동,사망사고,1,0,0,0,차대사람 - 차도통행중,기타,건조,맑음,단일로 - 기타,승용,여,31세,상해없음,보행자,남,71세,사망
노인보행자사고,2021100900100105,2021년 10월 9일 11시,토요일,부산광역시 부산진구 범천동,경상사고,0,0,1,0,차대사람 - 기타,안전운전불이행,젖음/습기,비,단일로 - 기타,화물,남,52세,상해없음,보행자,남,81세,경상
노인보행자사고,2021100900100252,2021년 10월 9일 15시,토요일,부산광역시 영도구 신선동2가,중상사고,0,1,0,0,차대사람 - 횡단중,안전운전불이행,건조,맑음,교차로 - 교차로안,승용,남,64세,상해없음,보행자,여,69세,중상
노인보행자사고,2021100900100253,2021년 10월 9일 15시,토요일,부산광역시 사하구 괴정동,경상사고,0,0,1,0,차대사람 - 기타,안전운전불이행,건조,맑음,단일로 - 기타,승용,여,66세,상해없음,보행자,남,68세,경상
노인보행자사고,2021100900100472,2021년 10월 9일 20시,토요일,부산광역시 사하구 괴정동,중상사고,0,1,0,0,차대사람 - 횡단중,안전운전불이행,건조,맑음,단일로 - 기타,이륜,남,60세,상해없음,보행자,여,72세,중상
노인보행자사고,2021101000100271,2021년 10월 10일 16시,일요일,부산광역시 사상구 주례동,중상사고,0,1,0,0,차대사람 - 횡단중,보행자보호의무위반,건조,맑음,단일로 - 기타,승용,여,69세,상해없음,보행자,여,67세,중상
노인보행자사고,2021101100100153,2021년 10월 11일 12시,월요일,부산광역시 금정구 서동,경상사고,0,0,1,0,차대사람 - 기타,안전운전불이행,건조,맑음,교차로 - 교차로안,승용,남,61세,상해없음,보행자,여,80세,경상
노인보행자사고,2021101100100322,2021년 10월 11일 17시,월요일,부산광역시 북구 금곡동,중상사고,0,1,0,0,차대사람 - 기타,보행자보호의무위반,젖음/습기,비,교차로 - 교차로부근,화물,남,60세,상해없음,보행자,여,75세,중상
노인보행자사고,2021101200100332,2021년 10월 12일 16시,화요일,부산광역시 남구 대연동,중상사고,0,1,0,0,차대사람 - 길가장자리구역통행중,안전운전불이행,건조,맑음,단일로 - 기타,승용,여,34세,상해없음,보행자,여,69세,중상
노인보행자사고,2021101200100409,2021년 10월 12일 18시,화요일,부산광역시 부산진구 부전동,중상사고,0,1,0,0,차대사람 - 기타,안전운전불이행,건조,맑음,교차로 - 교차로부근,화물,남,60세,상해없음,보행자,남,80세,중상
노인보행자사고,2021101300100105,2021년 10월 13일 09시,수요일,부산광역시 서구 남부민동,경상사고,0,0,1,0,차대사람 - 횡단중,보행자보호의무위반,건조,맑음,단일로 - 기타,승용,남,34세,상해없음,보행자,남,69세,경상
노인보행자사고,2021101300100237,2021년 10월 13일 13시,수요일,부산광역시 중구 남포동5가,중상사고,0,1,0,0,차대사람 - 횡단중,보행자보호의무위반,건조,맑음,교차로 - 교차로횡단보도내,승합,남,54세,상해없음,보행자,여,84세,중상
노인보행자사고,2021101400100283,2021년 10월 14일 13시,목요일,부산광역시 동구 수정동,경상사고,0,0,1,0,차대사람 - 차도통행중,안전운전불이행,건조,맑음,단일로 - 기타,승용,여,58세,상해없음,보행자,남,66세,경상
노인보행자사고,2021101400100432,2021년 10월 14일 17시,목요일,부산광역시 연제구 연산동,경상사고,0,0,1,0,차대사람 - 횡단중,교차로운행방법위반,건조,맑음,교차로 - 교차로안,화물,남,58세,상해없음,보행자,여,67세,경상
노인보행자사고,2021101500100197,2021년 10월 15일 11시,금요일,부산광역시 부산진구 양정동,중상사고,0,1,0,0,차대사람 - 횡단중,중앙선침범,건조,맑음,기타 - 기타,승용,여,45세,상해없음,보행자,여,84세,중상
노인보행자사고,2021101500100199,2021년 10월 15일 11시,금요일,부산광역시 연제구 거제동,중상사고,0,1,0,0,차대사람 - 횡단중,안전운전불이행,건조,맑음,교차로 - 교차로안,화물,남,45세,상해없음,보행자,여,89세,중상
노인보행자사고,2.0211E+15,2021년 10월 15일 14시,금요일,부산광역시 금정구 서동,중상사고,0,1,0,0,차대사람 - 기타,안전운전불이행,건조,맑음,교차로 - 교차로안,화물,남,58세,상해없음,보행자,여,82세,중상
노인보행자사고,2021101500100447,2021년 10월 15일 18시,금요일,부산광역시 부산진구 연지동,중상사고,0,1,0,0,차대사람 - 횡단중,안전운전불이행,건조,기타,교차로 - 교차로횡단보도내,승용,남,55세,상해없음,보행자,남,77세,중상
노인보행자사고,2.0211E+15,2021년 10월 16일 05시,토요일,부산광역시 해운대구 우동,중상사고,0,1,0,0,차대사람 - 횡단중,안전운전불이행,젖음/습기,비,교차로 - 교차로안,승용,남,59세,상해없음,보행자,남,66세,중상
노인보행자사고,2021101600100222,2021년 10월 16일 13시,토요일,부산광역시 동래구 명륜동,경상사고,0,0,1,0,차대사람 - 기타,안전운전불이행,건조,맑음,단일로 - 기타,승합,남,47세,상해없음,보행자,여,79세,경상
노인보행자사고,2021101800100187,2021년 10월 18일 10시,월요일,부산광역시 동래구 온천동,중상사고,0,1,0,0,차대사람 - 횡단중,보행자보호의무위반,건조,맑음,교차로 - 교차로횡단보도내,화물,남,60세,상해없음,보행자,여,70세,중상
노인보행자사고,2021101800100217,2021년 10월 18일 11시,월요일,부산광역시 동래구 사직동,경상사고,0,0,1,0,차대사람 - 기타,안전운전불이행,건조,맑음,교차로 - 교차로부근,화물,남,55세,상해없음,보행자,여,69세,경상
노인보행자사고,2021101900100127,2021년 10월 19일 10시,화요일,부산광역시 동구 수정동,중상사고,0,1,0,0,차대사람 - 기타,안전운전불이행,건조,맑음,단일로 - 기타,승합,남,69세,상해없음,보행자,남,68세,중상
노인보행자사고,2021101900100129,2021년 10월 19일 10시,화요일,부산광역시 사하구 하단동,부상신고사고,0,0,0,1,차대사람 - 기타,안전운전불이행,건조,맑음,단일로 - 기타,승용,남,60세,상해없음,보행자,남,75세,부상신고
노인보행자사고,2021102100100266,2021년 10월 21일 14시,목요일,부산광역시 사하구 당리동,경상사고,0,0,1,0,차대사람 - 횡단중,신호위반,건조,맑음,교차로 - 교차로부근,자전거,남,24세,상해없음,보행자,남,84세,경상
노인보행자사고,2.0211E+15,2021년 10월 22일 08시,금요일,부산광역시 해운대구 반여동,중상사고,0,1,0,0,차대사람 - 횡단중,안전운전불이행,건조,맑음,단일로 - 기타,승용,남,61세,상해없음,보행자,여,83세,중상
노인보행자사고,2021102200100275,2021년 10월 22일 13시,금요일,부산광역시 남구 용호동,중상사고,0,1,0,0,차대사람 - 기타,안전운전불이행,건조,맑음,기타 - 기타,승용,여,46세,상해없음,보행자,여,76세,중상
노인보행자사고,2021102200100355,2021년 10월 22일 15시,금요일,부산광역시 연제구 연산동,중상사고,0,1,0,0,차대사람 - 횡단중,신호위반,건조,맑음,단일로 - 기타,승용,남,71세,상해없음,보행자,여,67세,중상
노인보행자사고,2.0211E+15,2021년 10월 22일 18시,금요일,부산광역시 연제구 거제동,중상사고,0,1,0,0,차대사람 - 기타,안전운전불이행,건조,맑음,단일로 - 기타,승용,남,60세,상해없음,보행자,남,76세,중상
노인보행자사고,2021102300100054,2021년 10월 23일 07시,토요일,부산광역시 금정구 구서동,경상사고,0,0,1,0,차대사람 - 횡단중,안전운전불이행,건조,맑음,교차로 - 교차로안,승용,남,63세,상해없음,보행자,여,80세,경상
노인보행자사고,2.0211E+15,2021년 10월 23일 10시,토요일,부산광역시 영도구 남항동3가,중상사고,0,1,0,0,차대사람 - 기타,안전운전불이행,건조,맑음,단일로 - 기타,화물,남,55세,상해없음,보행자,남,83세,중상
노인보행자사고,2.0211E+15,2021년 10월 23일 16시,토요일,부산광역시 해운대구 반송동,중상사고,0,1,0,0,차대사람 - 횡단중,신호위반,건조,맑음,교차로 - 교차로부근,이륜,남,62세,상해없음,보행자,여,77세,중상
노인보행자사고,2021102300100449,2021년 10월 23일 18시,토요일,부산광역시 동래구 온천동,중상사고,0,1,0,0,차대사람 - 기타,안전운전불이행,건조,맑음,단일로 - 기타,승용,남,64세,상해없음,보행자,여,80세,중상
노인보행자사고,2021102500100112,2021년 10월 25일 09시,월요일,부산광역시 연제구 연산동,중상사고,0,1,0,0,차대사람 - 길가장자리구역통행중,안전운전불이행,건조,맑음,단일로 - 기타,승용,남,46세,상해없음,보행자,남,70세,중상
노인보행자사고,2021102500100155,2021년 10월 25일 10시,월요일,부산광역시 부산진구 가야동,중상사고,0,1,0,0,차대사람 - 기타,보행자보호의무위반,건조,맑음,교차로 - 교차로안,승용,남,68세,상해없음,보행자,여,82세,중상
노인보행자사고,2021102500100334,2021년 10월 25일 15시,월요일,부산광역시 사상구 주례동,경상사고,0,0,1,0,차대사람 - 기타,안전운전불이행,건조,맑음,단일로 - 기타,이륜,남,50세,상해없음,보행자,여,65세,경상
노인보행자사고,2021102800100045,2021년 10월 28일 06시,목요일,부산광역시 수영구 망미동,부상신고사고,0,0,0,1,차대사람 - 기타,신호위반,건조,맑음,단일로 - 기타,화물,남,49세,상해없음,보행자,남,73세,부상신고
노인보행자사고,2021102800100319,2021년 10월 28일 14시,목요일,부산광역시 영도구 영선동2가,중상사고,0,1,0,0,차대사람 - 횡단중,보행자보호의무위반,건조,맑음,단일로 - 기타,승용,여,53세,상해없음,보행자,여,87세,중상
노인보행자사고,2021102800100358,2021년 10월 28일 15시,목요일,부산광역시 중구 남포동4가,중상사고,0,1,0,0,차대사람 - 차도통행중,안전운전불이행,건조,맑음,교차로 - 교차로부근,화물,남,60세,상해없음,보행자,남,80세,중상
노인보행자사고,2021102900100135,2021년 10월 29일 10시,금요일,부산광역시 연제구 연산동,중상사고,0,1,0,0,차대사람 - 횡단중,보행자보호의무위반,건조,맑음,기타 - 기타,승용,여,51세,상해없음,보행자,남,69세,중상
노인보행자사고,2021102900100468,2021년 10월 29일 18시,금요일,부산광역시 서구 서대신동3가,중상사고,0,1,0,0,차대사람 - 횡단중,보행자보호의무위반,건조,맑음,교차로 - 교차로횡단보도내,승용,남,41세,상해없음,보행자,여,68세,중상
노인보행자사고,2021103000100093,2021년 10월 30일 09시,토요일,부산광역시 사하구 신평동,경상사고,0,0,1,0,차대사람 - 기타,안전운전불이행,건조,맑음,단일로 - 기타,승용,남,65세,상해없음,보행자,여,72세,경상
노인보행자사고,2021103100100267,2021년 10월 31일 16시,일요일,부산광역시 수영구 남천동,중상사고,0,1,0,0,차대사람 - 차도통행중,안전운전불이행,건조,맑음,단일로 - 기타,승용,남,69세,상해없음,보행자,여,72세,중상
노인보행자사고,2021103100100342,2021년 10월 31일 18시,일요일,부산광역시 연제구 연산동,중상사고,0,1,0,0,차대사람 - 기타,안전운전불이행,건조,맑음,교차로 - 교차로부근,승용,남,59세,상해없음,보행자,여,71세,중상
노인보행자사고,2021110100100187,2021년 11월 1일 11시,월요일,부산광역시 수영구 광안동,중상사고,0,1,0,0,차대사람 - 길가장자리구역통행중,안전운전불이행,건조,맑음,기타 - 기타,승용,남,76세,상해없음,보행자,여,84세,중상
노인보행자사고,2021110100100512,2021년 11월 1일 19시,월요일,부산광역시 부산진구 당감동,중상사고,0,1,0,0,차대사람 - 차도통행중,중앙선침범,건조,맑음,교차로 - 교차로부근,개인형이동수단(PM),남,15세,상해없음,보행자,여,71세,중상
노인보행자사고,2021110200100054,2021년 11월 2일 06시,화요일,부산광역시 금정구 남산동,중상사고,0,1,0,0,차대사람 - 차도통행중,안전운전불이행,건조,맑음,단일로 - 기타,승용,남,64세,상해없음,보행자,여,79세,중상
노인보행자사고,2021110300100245,2021년 11월 3일 12시,수요일,부산광역시 동래구 낙민동,중상사고,0,1,0,0,차대사람 - 기타,안전운전불이행,건조,맑음,단일로 - 기타,화물,남,48세,상해없음,보행자,여,82세,중상
노인보행자사고,2021110300100304,2021년 11월 3일 14시,수요일,부산광역시 금정구 장전동,중상사고,0,1,0,0,차대사람 - 횡단중,안전운전불이행,건조,맑음,단일로 - 기타,화물,남,68세,상해없음,보행자,여,78세,중상
노인보행자사고,2021110300100373,2021년 11월 3일 16시,수요일,부산광역시 서구 암남동,중상사고,0,1,0,0,차대사람 - 길가장자리구역통행중,안전운전불이행,건조,맑음,단일로 - 기타,승용,남,57세,상해없음,보행자,여,70세,중상
노인보행자사고,2021110400100071,2021년 11월 4일 07시,목요일,부산광역시 부산진구 개금동,사망사고,1,0,0,0,차대사람 - 길가장자리구역통행중,안전운전불이행,건조,맑음,교차로 - 교차로안,건설기계,남,52세,상해없음,보행자,여,74세,사망
노인보행자사고,2021110400100105,2021년 11월 4일 08시,목요일,부산광역시 금정구 부곡동,경상사고,0,0,1,0,차대사람 - 기타,안전운전불이행,건조,맑음,단일로 - 기타,승용,여,47세,상해없음,보행자,남,69세,경상
노인보행자사고,2021110400100166,2021년 11월 4일 10시,목요일,부산광역시 금정구 구서동,중상사고,0,1,0,0,차대사람 - 기타,안전운전불이행,건조,맑음,단일로 - 기타,승용,여,34세,상해없음,보행자,여,79세,중상
노인보행자사고,2021110400100523,2021년 11월 4일 19시,목요일,부산광역시 동구 초량동,중상사고,0,1,0,0,차대사람 - 기타,안전운전불이행,건조,맑음,단일로 - 기타,이륜,남,27세,상해없음,보행자,남,79세,중상
노인보행자사고,2021110400100598,2021년 11월 4일 22시,목요일,부산광역시 중구 부평동4가,중상사고,0,1,0,0,차대사람 - 차도통행중,안전운전불이행,건조,맑음,교차로 - 교차로부근,승용,남,26세,상해없음,보행자,여,73세,중상