사고부문,사고번호,사고일시,요일,시군구,사고내용,사망자수,중상자수,경상자수,부상신고자수,사고유형,법규위반,노면상태,기상상태,도로형태,가해운전자 차종,가해운전자 성별,가해운전자 연령,가해운전자 상해정도,피해운전자 차종,피해운전자 성별,피해운전자 연령,피해운전자 상해정도
노인보행자사고,2021110500100144,2021년 11월 5일 09시,금요일,부산광역시 서구 동대신동3가,중상사고,0,1,0,0,차대사람 - 횡단중,보행자보호의무위반,건조,맑음,교차로 - 교차로부근,승용,남,49세,상해없음,보행자,남,79세,중상
노인보행자사고,2021110500100172,2021년 11월 5일 10시,금요일,부산광역시 수영구 남천동,경상사고,0,0,1,0,차대사람 - 기타,안전운전불이행,건조,맑음,단일로 - 기타,승용,여,52세,상해없음,보행자,남,68세,경상
노인보행자사고,2021110500100174,2021년 11월 5일 10시,금요일,부산광역시 사상구 모라동,중상사고,0,1,0,0,차대사람 - 횡단중,신호위반,건조,맑음,단일로 - 기타,승용,여,53세,상해없음,보행자,남,70세,중상
노인보행자사고,2021110500100268,2021년 11월 5일 13시,금요일,부산광역시 사하구 당리동,경상사고,0,0,1,0,차대사람 - 기타,안전운전불이행,건조,맑음,교차로 - 교차로안,승용,여,54세,상해없음,보행자,남,69세,경상
노인보행자사고,2021110500100375,2021년 11월 5일 16시,금요일,부산광역시 기장군 정관읍,중상사고,0,1,0,0,차대사람 - 기타,안전운전불이행,건조,맑음,단일로 - 기타,승합,남,60세,상해없음,보행자,여,78세,중상
노인보행자사고,2021110500100419,2021년 11월 5일 17시,금요일,부산광역시 서구 서대신동2가,경상사고,0,0,2,0,차대사람 - 횡단중,안전운전불이행,건조,맑음,단일로 - 기타,이륜,남,51세,상해없음,보행자,남,71세,경상
노인보행자사고,2021110600100069,2021년 11월 6일 06시,토요일,부산광역시 금정구 장전동,중상사고,0,1,0,0,차대사람 - 차도통행중,안전운전불이행,건조,맑음,단일로 - 기타,승합,남,67세,상해없음,보행자,남,66세,중상
노인보행자사고,2021110600100159,2021년 11월 6일 11시,토요일,부산광역시 수영구 망미동,경상사고,0,0,1,0,차대사람 - 기타,안전운전불이행,건조,맑음,단일로 - 기타,승용,남,51세,상해없음,보행자,남,67세,경상
노인보행자사고,2021110600100231,2021년 11월 6일 13시,토요일,부산광역시 영도구 동삼동,중상사고,0,1,0,0,차대사람 - 기타,안전운전불이행,건조,맑음,기타 - 기타,승용,남,37세,상해없음,보행자,여,65세,중상
노인보행자사고,2021110600100273,2021년 11월 6일 14시,토요일,부산광역시 남구 용당동,경상사고,0,0,1,0,차대사람 - 기타,안전운전불이행,건조,맑음,교차로 - 교차로부근,승용,여,51세,상해없음,보행자,여,66세,경상
노인보행자사고,2021110600100444,2021년 11월 6일 18시,토요일,부산광역시 기장군 정관읍,중상사고,0,1,0,0,차대사람 - 기타,안전운전불이행,건조,맑음,기타 - 기타,승용,여,45세,상해없음,보행자,여,73세,중상
노인보행자사고,2021110700100063,2021년 11월 7일 08시,일요일,부산광역시 동래구 온천동,경상사고,0,0,1,0,차대사람 - 기타,안전운전불이행,건조,맑음,단일로 - 기타,승용,남,26세,상해없음,보행자,여,79세,경상
노인보행자사고,2021110700100352,2021년 11월 7일 18시,일요일,부산광역시 남구 용호동,사망사고,1,0,0,0,차대사람 - 기타,안전운전불이행,건조,맑음,교차로 - 교차로안,승용,남,59세,상해없음,보행자,여,65세,사망
노인보행자사고,2021110800100046,2021년 11월 8일 06시,월요일,부산광역시 기장군 일광면,중상사고,0,1,0,0,차대사람 - 횡단중,보행자보호의무위반,건조,맑음,교차로 - 교차로부근,화물,남,57세,상해없음,보행자,여,69세,중상
노인보행자사고,2021110800100392,2021년 11월 8일 16시,월요일,부산광역시 금정구 남산동,경상사고,0,0,1,0,차대사람 - 기타,안전운전불이행,건조,맑음,단일로 - 기타,승용,여,58세,상해없음,보행자,남,77세,경상
노인보행자사고,2021110900100033,2021년 11월 9일 04시,화요일,부산광역시 연제구 연산동,중상사고,0,1,0,0,차대사람 - 기타,안전운전불이행,건조,맑음,단일로 - 기타,승합,남,52세,상해없음,보행자,여,89세,중상
노인보행자사고,2021110900100065,2021년 11월 9일 07시,화요일,부산광역시 강서구 대저1동,중상사고,0,1,0,0,차대사람 - 기타,안전운전불이행,건조,맑음,교차로 - 교차로부근,화물,남,46세,상해없음,보행자,여,76세,중상
노인보행자사고,2021110900100196,2021년 11월 9일 11시,화요일,부산광역시 사상구 엄궁동,경상사고,0,0,1,0,차대사람 - 횡단중,보행자보호의무위반,건조,맑음,기타 - 기타,승용,남,25세,상해없음,보행자,여,71세,경상
노인보행자사고,2021110900100333,2021년 11월 9일 15시,화요일,부산광역시 연제구 연산동,부상신고사고,0,0,0,1,차대사람 - 기타,안전운전불이행,건조,맑음,단일로 - 기타,승합,남,52세,상해없음,보행자,여,84세,부상신고
노인보행자사고,2021110900100362,2021년 11월 9일 16시,화요일,부산광역시 북구 금곡동,경상사고,0,0,2,0,차대사람 - 기타,안전운전불이행,건조,맑음,교차로 - 교차로부근,승용,남,77세,상해없음,보행자,남,41세,경상
노인보행자사고,2021110900100407,2021년 11월 9일 17시,화요일,부산광역시 서구 남부민동,중상사고,0,1,0,0,차대사람 - 횡단중,안전운전불이행,건조,맑음,단일로 - 기타,승용,여,44세,상해없음,보행자,여,87세,중상
노인보행자사고,2.02111E+15,2021년 11월 9일 20시,화요일,부산광역시 남구 용호동,경상사고,0,0,1,0,차대사람 - 차도통행중,기타,건조,맑음,교차로 - 교차로안,승용,남,63세,상해없음,보행자,여,78세,경상
노인보행자사고,2021110900100666,2021년 11월 9일 23시,화요일,부산광역시 부산진구 초읍동,중상사고,0,1,0,0,차대사람 - 기타,안전운전불이행,건조,맑음,교차로 - 교차로안,승용,남,66세,상해없음,보행자,남,65세,중상
노인보행자사고,2021111000100247,2021년 11월 10일 13시,수요일,부산광역시 해운대구 중동,중상사고,0,1,0,0,차대사람 - 기타,보행자보호의무위반,건조,맑음,단일로 - 기타,승용,여,59세,상해없음,보행자,여,66세,중상
노인보행자사고,2021111100100421,2021년 11월 11일 17시,목요일,부산광역시 사하구 하단동,경상사고,0,0,1,0,차대사람 - 횡단중,보행자보호의무위반,건조,맑음,교차로 - 교차로안,승합,남,48세,상해없음,보행자,남,66세,경상
노인보행자사고,2021111100100533,2021년 11월 11일 19시,목요일,부산광역시 연제구 연산동,중상사고,0,1,0,0,차대사람 - 기타,안전운전불이행,건조,맑음,교차로 - 교차로부근,자전거,남,74세,상해없음,보행자,남,67세,중상
노인보행자사고,2021111200100053,2021년 11월 12일 06시,금요일,부산광역시 동구 초량동,중상사고,0,1,0,0,차대사람 - 횡단중,안전운전불이행,건조,맑음,교차로 - 교차로안,이륜,남,22세,상해없음,보행자,여,69세,중상
노인보행자사고,2021111200100165,2021년 11월 12일 10시,금요일,부산광역시 남구 문현동,경상사고,0,0,1,0,차대사람 - 보도통행중,보행자보호의무위반,건조,맑음,단일로 - 기타,이륜,남,58세,상해없음,보행자,여,65세,경상
노인보행자사고,2021111200100347,2021년 11월 12일 15시,금요일,부산광역시 동래구 온천동,경상사고,0,0,1,0,차대사람 - 횡단중,보행자보호의무위반,건조,맑음,교차로 - 교차로안,승용,남,78세,상해없음,보행자,남,69세,경상
노인보행자사고,2021111500100226,2021년 11월 15일 12시,월요일,부산광역시 남구 대연동,경상사고,0,0,1,0,차대사람 - 차도통행중,중앙선침범,건조,맑음,단일로 - 기타,이륜,남,65세,상해없음,보행자,여,73세,경상
노인보행자사고,2021111600100053,2021년 11월 16일 06시,화요일,부산광역시 수영구 광안동,중상사고,0,1,0,0,차대사람 - 횡단중,안전운전불이행,건조,맑음,교차로 - 교차로안,승용,남,71세,상해없음,보행자,여,78세,중상
노인보행자사고,2021111600100225,2021년 11월 16일 11시,화요일,부산광역시 남구 우암동,중상사고,0,1,0,0,차대사람 - 기타,안전운전불이행,건조,맑음,단일로 - 기타,건설기계,남,39세,상해없음,보행자,여,75세,중상
노인보행자사고,2021111600100226,2021년 11월 16일 11시,화요일,부산광역시 부산진구 당감동,중상사고,0,1,0,0,차대사람 - 기타,안전운전불이행,건조,기타,교차로 - 교차로부근,승용,여,47세,상해없음,보행자,여,89세,중상
노인보행자사고,2021111600100254,2021년 11월 16일 12시,화요일,부산광역시 남구 용호동,중상사고,0,1,0,0,차대사람 - 기타,안전운전불이행,건조,맑음,단일로 - 기타,승용,여,61세,상해없음,보행자,여,78세,중상
노인보행자사고,2021111600100363,2021년 11월 16일 15시,화요일,부산광역시 금정구 장전동,경상사고,0,0,1,0,차대사람 - 기타,보행자보호의무위반,건조,맑음,교차로 - 교차로횡단보도내,화물,남,49세,상해없음,보행자,남,66세,경상
노인보행자사고,2021111700100032,2021년 11월 17일 05시,수요일,부산광역시 해운대구 중동,사망사고,1,0,0,0,차대사람 - 횡단중,기타,건조,맑음,교차로 - 교차로횡단보도내,승용,남,22세,상해없음,보행자,남,72세,사망
노인보행자사고,2021111700100166,2021년 11월 17일 10시,수요일,부산광역시 부산진구 당감동,부상신고사고,0,0,0,1,차대사람 - 기타,안전운전불이행,건조,맑음,단일로 - 기타,승용,여,53세,상해없음,보행자,여,68세,부상신고
노인보행자사고,2021111700100282,2021년 11월 17일 13시,수요일,부산광역시 동래구 온천동,경상사고,0,0,1,0,차대사람 - 기타,안전운전불이행,건조,맑음,단일로 - 기타,화물,남,78세,상해없음,보행자,여,67세,경상
노인보행자사고,2021111700100324,2021년 11월 17일 14시,수요일,부산광역시 사하구 다대동,중상사고,0,1,0,0,차대사람 - 기타,안전운전불이행,건조,맑음,기타 - 기타,승용,여,47세,상해없음,보행자,여,65세,중상
노인보행자사고,2021111800100258,2021년 11월 18일 13시,목요일,부산광역시 부산진구 전포동,경상사고,0,0,1,0,차대사람 - 길가장자리구역통행중,안전운전불이행,건조,맑음,단일로 - 기타,화물,남,45세,상해없음,보행자,남,75세,경상
노인보행자사고,2021111800100534,2021년 11월 18일 20시,목요일,부산광역시 남구 대연동,중상사고,0,1,0,0,차대사람 - 기타,안전운전불이행,건조,맑음,단일로 - 기타,승용,남,67세,상해없음,보행자,여,70세,중상
노인보행자사고,2021111900100082,2021년 11월 19일 07시,금요일,부산광역시 기장군 기장읍,경상사고,0,0,1,0,차대사람 - 횡단중,안전운전불이행,건조,맑음,단일로 - 기타,승합,남,65세,상해없음,보행자,남,76세,경상
노인보행자사고,2021111900100366,2021년 11월 19일 16시,금요일,부산광역시 금정구 서동,경상사고,0,0,1,0,차대사람 - 횡단중,안전운전불이행,건조,맑음,교차로 - 교차로부근,승용,남,68세,상해없음,보행자,여,74세,경상
노인보행자사고,2021111900100648,2021년 11월 19일 22시,금요일,부산광역시 동구 범일동,사망사고,1,0,0,0,차대사람 - 횡단중,안전운전불이행,건조,맑음,단일로 - 기타,승합,남,40세,상해없음,보행자,남,78세,사망
노인보행자사고,2.02111E+15,2021년 11월 20일 01시,토요일,부산광역시 부산진구 부암동,사망사고,1,0,0,0,차대사람 - 기타,기타,건조,맑음,기타 - 기타,승용,남,61세,상해없음,보행자,남,73세,사망
노인보행자사고,2021112000100117,2021년 11월 20일 09시,토요일,부산광역시 해운대구 우동,경상사고,0,0,1,0,차대차 - 측면충돌,교차로운행방법위반,건조,맑음,교차로 - 교차로부근,승용,여,33세,상해없음,승용,남,59세,상해없음
노인보행자사고,2021112000100284,2021년 11월 20일 14시,토요일,부산광역시 금정구 남산동,중상사고,0,1,0,0,차대사람 - 기타,안전운전불이행,건조,맑음,단일로 - 기타,승용,여,65세,상해없음,보행자,여,82세,중상
노인보행자사고,2021112100100078,2021년 11월 21일 09시,일요일,부산광역시 사하구 하단동,중상사고,0,1,0,0,차대사람 - 길가장자리구역통행중,안전운전불이행,건조,맑음,단일로 - 기타,승용,여,65세,상해없음,보행자,남,67세,중상
노인보행자사고,2021112100100089,2021년 11월 21일 10시,일요일,부산광역시 서구 남부민동,경상사고,0,0,1,0,차대사람 - 기타,안전운전불이행,건조,맑음,기타 - 기타,승용,여,69세,상해없음,보행자,여,73세,경상
노인보행자사고,2021112200100062,2021년 11월 22일 06시,월요일,부산광역시 중구 남포동4가,중상사고,0,1,0,0,차대사람 - 보도통행중,기타,건조,맑음,단일로 - 기타,승용,남,44세,상해없음,보행자,여,79세,중상
노인보행자사고,2021112200100389,2021년 11월 22일 16시,월요일,부산광역시 부산진구 개금동,중상사고,0,1,0,0,차대사람 - 기타,안전운전불이행,건조,맑음,기타 - 기타,승용,남,53세,상해없음,보행자,여,70세,중상
노인보행자사고,2021112300100004,2021년 11월 23일 00시,화요일,부산광역시 사상구 괘법동,중상사고,0,1,0,0,차대사람 - 차도통행중,안전운전불이행,건조,맑음,단일로 - 기타,승용,남,53세,상해없음,보행자,남,68세,중상
노인보행자사고,2021112300100156,2021년 11월 23일 10시,화요일,부산광역시 수영구 민락동,경상사고,0,0,1,0,차대사람 - 횡단중,안전운전불이행,건조,맑음,교차로 - 교차로안,승용,여,55세,상해없음,보행자,여,65세,경상
노인보행자사고,2021112400100114,2021년 11월 24일 09시,수요일,부산광역시 금정구 부곡동,중상사고,0,1,0,0,차대사람 - 횡단중,보행자보호의무위반,건조,맑음,단일로 - 기타,승용,여,49세,상해없음,보행자,남,78세,중상
노인보행자사고,2021112400100141,2021년 11월 24일 10시,수요일,부산광역시 남구 대연동,경상사고,0,0,1,0,차대사람 - 기타,기타,건조,맑음,교차로 - 교차로부근,승용,남,47세,기타불명,보행자,남,66세,경상
노인보행자사고,2021112400100352,2021년 11월 24일 17시,수요일,부산광역시 해운대구 반여동,중상사고,0,1,0,0,차대사람 - 횡단중,보행자보호의무위반,건조,맑음,교차로 - 교차로안,승용,여,43세,기타불명,보행자,여,66세,중상
노인보행자사고,2021112400100404,2021년 11월 24일 18시,수요일,부산광역시 남구 문현동,중상사고,0,1,0,0,차대사람 - 횡단중,안전운전불이행,건조,맑음,교차로 - 교차로횡단보도내,승용,남,41세,상해없음,보행자,여,83세,중상
노인보행자사고,2021112600100198,2021년 11월 26일 10시,금요일,부산광역시 북구 구포동,중상사고,0,1,0,0,차대사람 - 횡단중,보행자보호의무위반,건조,맑음,교차로 - 교차로횡단보도내,승용,여,47세,상해없음,보행자,여,80세,중상
노인보행자사고,2021112600100374,2021년 11월 26일 15시,금요일,부산광역시 동래구 명장동,중상사고,0,1,0,0,차대사람 - 보도통행중,기타,건조,맑음,기타 - 기타,화물,남,73세,상해없음,보행자,여,75세,중상
노인보행자사고,2.02111E+15,2021년 11월 27일 12시,토요일,부산광역시 해운대구 중동,중상사고,0,1,0,0,차대사람 - 보도통행중,신호위반,건조,맑음,교차로 - 교차로안,승용,여,72세,상해없음,보행자,여,69세,중상
노인보행자사고,2021112800100257,2021년 11월 28일 15시,일요일,부산광역시 동래구 안락동,경상사고,0,0,1,0,차대사람 - 보도통행중,기타,건조,맑음,기타 - 기타,자전거,여,23세,상해없음,보행자,남,65세,경상
노인보행자사고,2021112900100101,2021년 11월 29일 08시,월요일,부산광역시 부산진구 부전동,경상사고,0,0,1,0,차대사람 - 차도통행중,안전운전불이행,건조,맑음,교차로 - 교차로안,승용,남,39세,상해없음,보행자,남,69세,경상
노인보행자사고,2021112900100172,2021년 11월 29일 10시,월요일,부산광역시 중구 영주동,경상사고,0,0,1,0,차대사람 - 횡단중,안전운전불이행,건조,맑음,단일로 - 기타,승용,남,32세,상해없음,보행자,여,69세,경상
노인보행자사고,2021112900100173,2021년 11월 29일 10시,월요일,부산광역시 사하구 장림동,중상사고,0,1,0,0,차대사람 - 기타,중앙선침범,건조,맑음,교차로 - 교차로안,화물,남,60세,상해없음,보행자,여,65세,중상
노인보행자사고,2021112900100297,2021년 11월 29일 14시,월요일,부산광역시 남구 용당동,중상사고,0,1,0,0,차대사람 - 기타,안전운전불이행,건조,맑음,단일로 - 기타,승용,여,61세,상해없음,보행자,남,82세,중상
노인보행자사고,2021112900100533,2021년 11월 29일 19시,월요일,부산광역시 사상구 감전동,중상사고,0,1,0,0,차대사람 - 횡단중,안전운전불이행,건조,맑음,교차로 - 교차로횡단보도내,승용,여,63세,상해없음,보행자,남,71세,중상
노인보행자사고,2.02111E+15,2021년 11월 30일 06시,화요일,부산광역시 서구 충무동1가,경상사고,0,0,1,0,차대사람 - 기타,안전운전불이행,건조,맑음,교차로 - 교차로부근,승용,남,56세,상해없음,보행자,여,68세,경상
노인보행자사고,2021113000100113,2021년 11월 30일 08시,화요일,부산광역시 동구 수정동,중상사고,0,1,0,0,차대사람 - 차도통행중,안전운전불이행,젖음/습기,비,단일로 - 기타,승용,남,51세,상해없음,보행자,남,75세,중상
노인보행자사고,2021113000100541,2021년 11월 30일 19시,화요일,부산광역시 동래구 안락동,중상사고,0,1,0,0,차대사람 - 차도통행중,안전운전불이행,건조,맑음,교차로 - 교차로안,승용,남,33세,상해없음,보행자,남,65세,중상
노인보행자사고,2021120100100133,2021년 12월 1일 09시,수요일,부산광역시 남구 용호동,경상사고,0,0,1,0,차대사람 - 기타,안전운전불이행,건조,맑음,단일로 - 기타,승용,남,71세,상해없음,보행자,여,72세,경상
노인보행자사고,2021120100100289,2021년 12월 1일 14시,수요일,부산광역시 해운대구 반송동,중상사고,0,1,0,0,차대차 - 기타,안전운전불이행,건조,맑음,단일로 - 기타,건설기계,남,37세,상해없음,화물,기타불명,미분류,기타불명
노인보행자사고,2021120100100453,2021년 12월 1일 18시,수요일,부산광역시 부산진구 부암동,중상사고,0,1,0,0,차대사람 - 차도통행중,안전운전불이행,건조,맑음,단일로 - 기타,승합,남,63세,상해없음,보행자,여,66세,중상
노인보행자사고,2021120200100234,2021년 12월 2일 12시,목요일,부산광역시 연제구 연산동,중상사고,0,1,0,0,차대사람 - 기타,안전운전불이행,건조,맑음,단일로 - 기타,승용,남,65세,상해없음,보행자,여,75세,중상
노인보행자사고,2.02112E+15,2021년 12월 2일 15시,목요일,부산광역시 부산진구 범천동,중상사고,0,1,0,0,차대사람 - 차도통행중,안전운전불이행,건조,맑음,단일로 - 기타,승용,여,64세,상해없음,보행자,여,89세,중상
노인보행자사고,2021120200100411,2021년 12월 2일 17시,목요일,부산광역시 사상구 학장동,중상사고,0,1,0,0,차대사람 - 횡단중,안전운전불이행,건조,맑음,단일로 - 기타,승용,여,50세,기타불명,보행자,여,78세,중상
노인보행자사고,2021120300100444,2021년 12월 3일 16시,금요일,부산광역시 부산진구 전포동,경상사고,0,0,1,0,차대사람 - 횡단중,안전운전불이행,건조,맑음,단일로 - 기타,이륜,남,32세,상해없음,보행자,여,72세,경상
노인보행자사고,2021120300100445,2021년 12월 3일 16시,금요일,부산광역시 연제구 거제동,경상사고,0,0,1,0,차대사람 - 횡단중,안전운전불이행,건조,맑음,교차로 - 교차로부근,승합,여,54세,상해없음,보행자,여,71세,경상
노인보행자사고,2021120300100447,2021년 12월 3일 16시,금요일,부산광역시 강서구 대저1동,중상사고,0,1,0,0,차대사람 - 기타,안전운전불이행,건조,맑음,단일로 - 기타,승용,여,64세,상해없음,보행자,여,72세,중상
노인보행자사고,2021120300100492,2021년 12월 3일 17시,금요일,부산광역시 해운대구 우동,경상사고,0,0,1,0,차대사람 - 횡단중,안전운전불이행,건조,맑음,교차로 - 교차로안,승용,여,28세,상해없음,보행자,남,65세,경상
노인보행자사고,2021120400100085,2021년 12월 4일 08시,토요일,부산광역시 서구 서대신동3가,중상사고,0,1,0,0,차대사람 - 길가장자리구역통행중,안전운전불이행,건조,맑음,기타 - 기타,화물,남,62세,상해없음,보행자,여,70세,중상
노인보행자사고,2021120500100264,2021년 12월 5일 16시,일요일,부산광역시 사하구 장림동,중상사고,0,1,0,0,차대사람 - 기타,기타,건조,맑음,교차로 - 교차로안,승용,남,33세,상해없음,보행자,남,72세,중상
노인보행자사고,2.02112E+15,2021년 12월 6일 09시,월요일,부산광역시 사상구 모라동,경상사고,0,0,1,0,차대사람 - 기타,신호위반,건조,맑음,교차로 - 교차로횡단보도내,승용,남,71세,상해없음,보행자,여,79세,경상
노인보행자사고,2021120700100149,2021년 12월 7일 10시,화요일,부산광역시 수영구 수영동,경상사고,0,0,1,0,차대사람 - 기타,안전운전불이행,건조,맑음,교차로 - 교차로부근,승용,남,36세,상해없음,보행자,여,75세,경상
노인보행자사고,2021120700100209,2021년 12월 7일 12시,화요일,부산광역시 북구 덕천동,중상사고,0,1,0,0,차대사람 - 기타,안전운전불이행,건조,맑음,단일로 - 기타,승용,남,36세,상해없음,보행자,여,79세,중상
노인보행자사고,2021120800100137,2021년 12월 8일 09시,수요일,부산광역시 기장군 일광면,경상사고,0,0,1,0,차대사람 - 횡단중,보행자보호의무위반,건조,맑음,교차로 - 교차로횡단보도내,승용,여,28세,상해없음,보행자,남,65세,경상
노인보행자사고,2021120800100325,2021년 12월 8일 15시,수요일,부산광역시 동래구 명륜동,중상사고,0,1,0,0,차대사람 - 기타,안전운전불이행,건조,맑음,단일로 - 기타,자전거,남,62세,상해없음,보행자,여,70세,중상
노인보행자사고,2.02112E+15,2021년 12월 8일 16시,수요일,부산광역시 영도구 동삼동,중상사고,0,1,0,0,차대사람 - 기타,안전운전불이행,건조,맑음,단일로 - 기타,승용,남,42세,상해없음,보행자,여,70세,중상
노인보행자사고,2021120800100512,2021년 12월 8일 19시,수요일,부산광역시 연제구 연산동,중상사고,0,1,0,0,차대사람 - 기타,안전운전불이행,건조,맑음,단일로 - 기타,승용,남,53세,상해없음,보행자,여,67세,중상
노인보행자사고,2021121100100059,2021년 12월 11일 05시,토요일,부산광역시 연제구 연산동,중상사고,0,1,0,0,차대사람 - 횡단중,안전운전불이행,건조,맑음,교차로 - 교차로부근,승용,남,25세,상해없음,보행자,여,72세,중상
노인보행자사고,2.02112E+15,2021년 12월 11일 14시,토요일,부산광역시 동래구 안락동,중상사고,0,1,0,0,차대사람 - 보도통행중,안전운전불이행,건조,맑음,단일로 - 기타,자전거,남,12세,기타불명,보행자,여,68세,중상
노인보행자사고,2021121100100284,2021년 12월 11일 15시,토요일,부산광역시 사상구 모라동,중상사고,0,1,0,0,차대사람 - 횡단중,보행자보호의무위반,건조,맑음,교차로 - 교차로횡단보도내,승용,남,59세,상해없음,보행자,여,74세,중상
노인보행자사고,2021121300100283,2021년 12월 13일 13시,월요일,부산광역시 해운대구 반여동,경상사고,0,0,1,0,차대사람 - 횡단중,보행자보호의무위반,건조,맑음,교차로 - 교차로횡단보도내,승용,남,45세,상해없음,보행자,남,71세,경상
노인보행자사고,2021121400100137,2021년 12월 14일 10시,화요일,부산광역시 사상구 감전동,중상사고,0,1,0,0,차대사람 - 횡단중,안전운전불이행,건조,맑음,교차로 - 교차로안,화물,남,53세,상해없음,보행자,여,80세,중상
노인보행자사고,2021121400100387,2021년 12월 14일 18시,화요일,부산광역시 사상구 주례동,경상사고,0,0,1,0,차대사람 - 횡단중,안전운전불이행,건조,맑음,교차로 - 교차로안,승용,남,49세,상해없음,보행자,여,83세,경상
노인보행자사고,2021121500100056,2021년 12월 15일 06시,수요일,부산광역시 금정구 서동,경상사고,0,0,1,0,차대사람 - 횡단중,보행자보호의무위반,건조,맑음,단일로 - 기타,승용,남,67세,상해없음,보행자,여,68세,경상
노인보행자사고,2021121500100114,2021년 12월 15일 08시,수요일,부산광역시 연제구 연산동,중상사고,0,1,6,0,차대차 - 추돌,안전운전불이행,건조,맑음,단일로 - 기타,승용,여,45세,상해없음,승용,여,45세,경상
노인보행자사고,2021121500100232,2021년 12월 15일 12시,수요일,부산광역시 영도구 청학동,중상사고,0,1,0,0,차대사람 - 차도통행중,안전운전불이행,건조,맑음,단일로 - 기타,승용,여,40세,상해없음,보행자,여,84세,중상
노인보행자사고,2.02112E+15,2021년 12월 15일 13시,수요일,부산광역시 수영구 광안동,중상사고,0,1,0,0,차대사람 - 보도통행중,안전운전불이행,건조,맑음,교차로 - 교차로안,승용,여,48세,기타불명,보행자,남,75세,중상
노인보행자사고,2021121500100316,2021년 12월 15일 15시,수요일,부산광역시 서구 부민동2가,부상신고사고,0,0,0,1,차대사람 - 횡단중,안전운전불이행,건조,맑음,단일로 - 기타,승용,남,35세,상해없음,보행자,여,72세,부상신고
노인보행자사고,2021121500100345,2021년 12월 15일 16시,수요일,부산광역시 사상구 주례동,사망사고,1,0,0,0,차대사람 - 기타,안전운전불이행,건조,맑음,단일로 - 기타,승합,남,31세,상해없음,보행자,여,83세,사망
노인보행자사고,2021121600100113,2021년 12월 16일 09시,목요일,부산광역시 해운대구 재송동,중상사고,0,1,0,0,차대사람 - 기타,안전운전불이행,젖음/습기,흐림,단일로 - 기타,기타불명,기타불명,미분류,기타불명,보행자,여,69세,중상
노인보행자사고,2021121600100452,2021년 12월 16일 20시,목요일,부산광역시 남구 대연동,중상사고,0,1,0,0,차대사람 - 길가장자리구역통행중,중앙선침범,건조,맑음,단일로 - 기타,승용,남,67세,상해없음,보행자,남,74세,중상
노인보행자사고,2021121700100311,2021년 12월 17일 15시,금요일,부산광역시 동래구 사직동,경상사고,0,0,1,0,차대사람 - 차도통행중,안전운전불이행,건조,맑음,단일로 - 기타,승용,여,36세,상해없음,보행자,여,69세,경상
노인보행자사고,2021121700100471,2021년 12월 17일 18시,금요일,부산광역시 사하구 하단동,중상사고,0,1,0,0,차대사람 - 횡단중,신호위반,건조,맑음,교차로 - 교차로안,승용,여,63세,상해없음,보행자,여,79세,중상
노인보행자사고,2021121800100314,2021년 12월 18일 15시,토요일,부산광역시 남구 대연동,중상사고,0,1,0,0,차대사람 - 횡단중,보행자보호의무위반,건조,맑음,단일로 - 기타,화물,남,47세,상해없음,보행자,남,77세,중상
노인보행자사고,2021121900100056,2021년 12월 19일 09시,일요일,부산광역시 사하구 하단동,중상사고,0,1,0,0,차대사람 - 기타,안전운전불이행,건조,맑음,교차로 - 교차로횡단보도내,승합,남,46세,상해없음,보행자,여,80세,중상
노인보행자사고,2.02112E+15,2021년 12월 19일 20시,일요일,부산광역시 북구 구포동,경상사고,0,0,1,0,차대사람 - 기타,안전운전불이행,건조,맑음,기타 - 기타,승용,남,52세,상해없음,보행자,남,66세,경상
노인보행자사고,2.02112E+15,2021년 12월 20일 07시,월요일,부산광역시 금정구 금사동,중상사고,0,1,0,0,차대사람 - 차도통행중,안전운전불이행,건조,맑음,교차로 - 교차로안,화물,남,42세,상해없음,보행자,남,67세,중상