사고부문,사고번호,사고일시,요일,시군구,사고내용,사망자수,중상자수,경상자수,부상신고자수,사고유형,법규위반,노면상태,기상상태,도로형태,가해운전자 차종,가해운전자 성별,가해운전자 연령,가해운전자 상해정도,피해운전자 차종,피해운전자 성별,피해운전자 연령,피해운전자 상해정도
노인보행자사고,2021122000100154,2021년 12월 20일 11시,월요일,부산광역시 부산진구 부전동,중상사고,0,1,0,0,차대사람 - 기타,안전운전불이행,건조,맑음,단일로 - 기타,승용,여,30세,상해없음,보행자,여,81세,중상
노인보행자사고,2021122000100257,2021년 12월 20일 14시,월요일,부산광역시 금정구 서동,중상사고,0,1,0,0,차대사람 - 기타,안전운전불이행,건조,맑음,기타 - 기타,승용,여,60세,상해없음,보행자,남,69세,중상
노인보행자사고,2021122100100218,2021년 12월 21일 13시,화요일,부산광역시 서구 충무동3가,중상사고,0,1,0,0,차대사람 - 기타,안전운전불이행,건조,맑음,교차로 - 교차로안,승용,남,75세,상해없음,보행자,남,86세,중상
노인보행자사고,2021122200100037,2021년 12월 22일 07시,수요일,부산광역시 해운대구 반송동,중상사고,0,1,0,0,차대사람 - 횡단중,안전운전불이행,건조,맑음,단일로 - 기타,화물,남,76세,상해없음,보행자,남,71세,중상
노인보행자사고,2021122200100493,2021년 12월 22일 19시,수요일,부산광역시 서구 암남동,중상사고,0,1,0,0,차대사람 - 횡단중,신호위반,건조,맑음,단일로 - 기타,이륜,남,59세,상해없음,보행자,여,76세,중상
노인보행자사고,2021122300100155,2021년 12월 23일 11시,목요일,부산광역시 동구 수정동,중상사고,0,1,0,0,차대사람 - 차도통행중,안전운전불이행,건조,맑음,단일로 - 기타,승용,남,53세,상해없음,보행자,남,70세,중상
노인보행자사고,2021122300100187,2021년 12월 23일 12시,목요일,부산광역시 사상구 괘법동,중상사고,0,1,0,0,차대사람 - 길가장자리구역통행중,안전운전불이행,건조,맑음,단일로 - 기타,승용,남,66세,상해없음,보행자,여,82세,중상
노인보행자사고,2021122400100271,2021년 12월 24일 15시,금요일,부산광역시 수영구 광안동,경상사고,0,0,1,0,차대사람 - 기타,보행자보호의무위반,건조,맑음,기타 - 기타,이륜,남,36세,상해없음,보행자,남,72세,경상
노인보행자사고,2021122400100564,2021년 12월 24일 21시,금요일,부산광역시 영도구 청학동,중상사고,0,1,0,0,차대사람 - 횡단중,보행자보호의무위반,건조,맑음,단일로 - 기타,화물,남,36세,상해없음,보행자,남,66세,중상
노인보행자사고,2021122400100608,2021년 12월 24일 22시,금요일,부산광역시 부산진구 범천동,중상사고,0,1,0,0,차대사람 - 기타,안전운전불이행,건조,맑음,단일로 - 기타,승용,여,47세,상해없음,보행자,여,76세,중상
노인보행자사고,2021122700100212,2021년 12월 27일 13시,월요일,부산광역시 부산진구 부전동,중상사고,0,1,0,0,차대사람 - 기타,안전운전불이행,건조,맑음,교차로 - 교차로안,이륜,남,39세,상해없음,보행자,여,80세,중상
노인보행자사고,2021122800100027,2021년 12월 28일 05시,화요일,부산광역시 사상구 엄궁동,경상사고,0,0,1,0,차대사람 - 기타,기타,건조,맑음,단일로 - 기타,승용,남,69세,상해없음,보행자,여,68세,경상
노인보행자사고,2021122800100092,2021년 12월 28일 08시,화요일,부산광역시 동래구 온천동,경상사고,0,0,1,0,차대사람 - 횡단중,보행자보호의무위반,건조,맑음,교차로 - 교차로안,화물,남,55세,상해없음,보행자,남,80세,경상
노인보행자사고,2021122800100223,2021년 12월 28일 13시,화요일,부산광역시 수영구 광안동,중상사고,0,1,0,0,차대사람 - 기타,안전운전불이행,건조,맑음,기타 - 기타,승합,남,59세,상해없음,보행자,남,72세,중상
노인보행자사고,2.02112E+15,2021년 12월 29일 17시,수요일,부산광역시 동구 범일동,중상사고,0,1,0,0,차대사람 - 횡단중,보행자보호의무위반,건조,맑음,교차로 - 교차로횡단보도내,승용,여,50세,상해없음,보행자,여,72세,중상
노인보행자사고,2021122900100342,2021년 12월 29일 17시,수요일,부산광역시 사하구 다대동,경상사고,0,0,1,0,차대사람 - 길가장자리구역통행중,안전운전불이행,건조,맑음,단일로 - 기타,승용,남,76세,상해없음,보행자,여,69세,경상
노인보행자사고,2021122900100343,2021년 12월 29일 17시,수요일,부산광역시 사상구 괘법동,경상사고,0,0,1,0,차대사람 - 기타,안전운전불이행,건조,흐림,단일로 - 기타,승용,남,52세,기타불명,보행자,여,78세,경상
노인보행자사고,2021123000100212,2021년 12월 30일 13시,목요일,부산광역시 중구 남포동6가,중상사고,0,1,0,0,차대사람 - 횡단중,보행자보호의무위반,건조,맑음,교차로 - 교차로안,화물,남,44세,상해없음,보행자,여,66세,중상
노인보행자사고,2021123000100213,2021년 12월 30일 13시,목요일,부산광역시 사하구 당리동,중상사고,0,1,0,0,차대사람 - 기타,안전운전불이행,건조,맑음,단일로 - 기타,화물,남,49세,상해없음,보행자,여,66세,중상
노인보행자사고,2021123100100038,2021년 12월 31일 07시,금요일,부산광역시 연제구 거제동,중상사고,0,1,0,0,차대사람 - 횡단중,안전운전불이행,건조,맑음,단일로 - 기타,승용,남,69세,상해없음,보행자,남,82세,중상
노인보행자사고,2.02112E+15,2021년 12월 31일 18시,금요일,부산광역시 금정구 부곡동,경상사고,0,0,1,0,차대사람 - 횡단중,보행자보호의무위반,건조,맑음,교차로 - 교차로안,이륜,남,23세,상해없음,보행자,남,80세,경상
노인보행자사고,2022010100100152,2022년 1월 1일 14시,토요일,부산광역시 기장군 장안읍,경상사고,0,0,1,0,차대사람 - 기타,안전운전불이행,건조,맑음,주차장 - 주차장,승용,남,45세,상해없음,보행자,여,67세,경상
노인보행자사고,2022010200100038,2022년 1월 2일 09시,일요일,부산광역시 동구 초량동,중상사고,0,1,0,0,차대사람 - 횡단중,보행자보호의무위반,건조,맑음,교차로 - 교차로부근,승용,남,34세,상해없음,보행자,여,68세,중상
노인보행자사고,2.02201E+15,2022년 1월 3일 09시,월요일,부산광역시 강서구 송정동,중상사고,0,1,0,0,차대사람 - 기타,신호위반,건조,맑음,교차로 - 교차로부근,건설기계,남,58세,상해없음,보행자,남,65세,중상
노인보행자사고,2022010300100158,2022년 1월 3일 10시,월요일,부산광역시 사하구 괴정동,중상사고,0,1,0,0,차대사람 - 기타,기타,건조,맑음,단일로 - 기타,승용,남,57세,상해없음,보행자,여,80세,중상
노인보행자사고,2022010300100295,2022년 1월 3일 14시,월요일,부산광역시 사하구 다대동,중상사고,0,1,0,0,차대사람 - 기타,기타,건조,맑음,단일로 - 지하차도(도로)내,승합,남,44세,상해없음,보행자,여,74세,중상
노인보행자사고,2.02201E+15,2022년 1월 4일 06시,화요일,부산광역시 사상구 감전동,중상사고,0,1,0,0,차대사람 - 횡단중,안전운전불이행,건조,흐림,단일로 - 기타,화물,남,56세,기타불명,보행자,남,80세,중상
노인보행자사고,2022010400100356,2022년 1월 4일 17시,화요일,부산광역시 서구 부민동3가,사망사고,1,0,0,0,차대사람 - 길가장자리구역통행중,안전운전불이행,건조,맑음,단일로 - 기타,화물,남,50세,상해없음,보행자,남,77세,사망
노인보행자사고,2022010600100198,2022년 1월 6일 12시,목요일,부산광역시 동구 수정동,중상사고,0,1,0,0,차대사람 - 차도통행중,보행자보호의무위반,건조,맑음,교차로 - 교차로부근,승용,여,70세,상해없음,보행자,여,76세,중상
노인보행자사고,2022010600100289,2022년 1월 6일 15시,목요일,부산광역시 북구 화명동,경상사고,0,0,1,0,차대사람 - 횡단중,보행자보호의무위반,건조,맑음,교차로 - 교차로횡단보도내,승용,남,44세,상해없음,보행자,남,79세,경상
노인보행자사고,2022010700100022,2022년 1월 7일 04시,금요일,부산광역시 금정구 서동,중상사고,0,1,0,0,차대사람 - 차도통행중,안전운전불이행,건조,맑음,교차로 - 교차로안,승합,남,67세,상해없음,보행자,남,72세,중상
노인보행자사고,2022010700100035,2022년 1월 7일 06시,금요일,부산광역시 남구 문현동,중상사고,0,1,0,0,차대사람 - 횡단중,안전운전불이행,건조,맑음,단일로 - 기타,승용,남,66세,상해없음,보행자,남,66세,중상
노인보행자사고,2022010800100193,2022년 1월 8일 13시,토요일,부산광역시 부산진구 가야동,중상사고,0,1,0,0,차대사람 - 횡단중,보행자보호의무위반,건조,맑음,교차로 - 교차로횡단보도내,이륜,남,27세,상해없음,보행자,여,81세,중상
노인보행자사고,2022010800100304,2022년 1월 8일 16시,토요일,부산광역시 기장군 기장읍,부상신고사고,0,0,0,1,차대사람 - 길가장자리구역통행중,안전운전불이행,건조,맑음,단일로 - 기타,화물,여,59세,상해없음,보행자,남,66세,부상신고
노인보행자사고,2022010900100187,2022년 1월 9일 17시,일요일,부산광역시 연제구 거제동,중상사고,0,1,0,0,차대사람 - 기타,안전운전불이행,건조,맑음,단일로 - 기타,화물,남,67세,상해없음,보행자,남,65세,중상
노인보행자사고,2022011000100181,2022년 1월 10일 11시,월요일,부산광역시 중구 부평동2가,경상사고,0,0,1,0,차대사람 - 횡단중,안전운전불이행,건조,맑음,교차로 - 교차로부근,승용,남,73세,상해없음,보행자,여,69세,경상
노인보행자사고,2022011100100452,2022년 1월 11일 19시,화요일,부산광역시 해운대구 반여동,중상사고,0,1,0,0,차대사람 - 기타,기타,건조,맑음,단일로 - 기타,승합,남,66세,상해없음,보행자,여,82세,중상
노인보행자사고,2022011200100136,2022년 1월 12일 10시,수요일,부산광역시 중구 남포동6가,중상사고,0,1,0,0,차대사람 - 횡단중,안전운전불이행,건조,맑음,교차로 - 교차로안,승용,남,64세,상해없음,보행자,여,66세,중상
노인보행자사고,2022011300100277,2022년 1월 13일 14시,목요일,부산광역시 수영구 수영동,경상사고,0,0,1,0,차대사람 - 기타,안전운전불이행,건조,맑음,단일로 - 기타,화물,남,26세,기타불명,보행자,여,69세,경상
노인보행자사고,2022011500100281,2022년 1월 15일 16시,토요일,부산광역시 사하구 괴정동,중상사고,0,1,0,0,차대사람 - 횡단중,안전운전불이행,건조,맑음,교차로 - 교차로안,승용,남,61세,상해없음,보행자,남,78세,중상
노인보행자사고,2022011500100359,2022년 1월 15일 18시,토요일,부산광역시 해운대구 우동,중상사고,0,1,0,0,차대사람 - 차도통행중,안전운전불이행,건조,맑음,단일로 - 기타,승용,남,28세,상해없음,보행자,여,66세,중상
노인보행자사고,2022011700100161,2022년 1월 17일 12시,월요일,부산광역시 중구 보수동1가,중상사고,0,1,0,0,차대사람 - 횡단중,안전운전불이행,건조,맑음,교차로 - 교차로부근,승용,남,67세,상해없음,보행자,여,70세,중상
노인보행자사고,2022011800100207,2022년 1월 18일 12시,화요일,부산광역시 금정구 구서동,중상사고,0,1,0,0,차대사람 - 횡단중,중앙선침범,건조,맑음,단일로 - 기타,이륜,남,45세,상해없음,보행자,여,65세,중상
노인보행자사고,2022011800100239,2022년 1월 18일 13시,화요일,부산광역시 연제구 연산동,중상사고,0,1,0,0,차대사람 - 횡단중,신호위반,건조,맑음,단일로 - 기타,승합,남,58세,상해없음,보행자,여,82세,중상
노인보행자사고,2022011800100279,2022년 1월 18일 14시,화요일,부산광역시 북구 만덕동,중상사고,0,1,0,0,차대사람 - 기타,안전운전불이행,건조,맑음,단일로 - 기타,승합,남,60세,상해없음,보행자,남,79세,중상
노인보행자사고,2.02201E+15,2022년 1월 18일 14시,화요일,부산광역시 해운대구 좌동,중상사고,0,1,0,0,차대사람 - 보도통행중,안전운전불이행,건조,맑음,기타 - 기타,자전거,남,10세,상해없음,보행자,여,83세,중상
노인보행자사고,2022011800100281,2022년 1월 18일 14시,화요일,부산광역시 부산진구 당감동,중상사고,0,1,0,0,차대사람 - 횡단중,안전운전불이행,건조,맑음,단일로 - 기타,승용,남,79세,상해없음,보행자,여,72세,중상
노인보행자사고,2022011900100264,2022년 1월 19일 15시,수요일,부산광역시 수영구 수영동,중상사고,0,1,0,0,차대사람 - 기타,안전운전불이행,건조,맑음,단일로 - 기타,화물,남,43세,상해없음,보행자,여,71세,중상
노인보행자사고,2022011900100267,2022년 1월 19일 15시,수요일,부산광역시 사상구 엄궁동,중상사고,0,1,0,0,차대사람 - 보도통행중,중앙선침범,건조,맑음,교차로 - 교차로부근,승용,여,63세,상해없음,보행자,남,72세,중상
노인보행자사고,2022011900100395,2022년 1월 19일 19시,수요일,부산광역시 사하구 괴정동,경상사고,0,0,1,0,차대사람 - 기타,안전운전불이행,건조,맑음,단일로 - 지하차도(도로)내,승용,남,62세,상해없음,보행자,남,69세,경상
노인보행자사고,2022012000100212,2022년 1월 20일 13시,목요일,부산광역시 남구 감만동,사망사고,1,0,0,0,차대사람 - 횡단중,보행자보호의무위반,건조,맑음,단일로 - 기타,화물,남,74세,상해없음,보행자,남,75세,사망
노인보행자사고,2022012000100344,2022년 1월 20일 17시,목요일,부산광역시 해운대구 재송동,경상사고,0,0,2,0,차대사람 - 기타,보행자보호의무위반,적설,맑음,단일로 - 기타,화물,남,60세,상해없음,보행자,남,70세,경상
노인보행자사고,2022012100100018,2022년 1월 21일 04시,금요일,부산광역시 연제구 거제동,중상사고,0,1,0,0,차대사람 - 횡단중,보행자보호의무위반,건조,맑음,단일로 - 기타,승용,남,50세,상해없음,보행자,남,67세,중상
노인보행자사고,2.02201E+15,2022년 1월 21일 11시,금요일,부산광역시 강서구 명지동,중상사고,0,1,0,0,차대사람 - 횡단중,신호위반,건조,맑음,단일로 - 기타,이륜,남,31세,상해없음,보행자,여,68세,중상
노인보행자사고,2022012100100249,2022년 1월 21일 12시,금요일,부산광역시 금정구 서동,경상사고,0,0,1,0,차대사람 - 횡단중,보행자보호의무위반,건조,맑음,교차로 - 교차로부근,승용,남,50세,상해없음,보행자,남,67세,경상
노인보행자사고,2022012100100406,2022년 1월 21일 16시,금요일,부산광역시 부산진구 부암동,중상사고,0,1,0,0,차대사람 - 기타,안전운전불이행,건조,맑음,기타 - 기타,승용,여,39세,상해없음,보행자,여,73세,중상
노인보행자사고,2.02201E+15,2022년 1월 21일 19시,금요일,부산광역시 북구 덕천동,경상사고,0,0,1,0,차대사람 - 횡단중,안전운전불이행,건조,맑음,기타 - 기타,화물,남,72세,상해없음,보행자,남,67세,경상
노인보행자사고,2022012100100572,2022년 1월 21일 19시,금요일,부산광역시 연제구 연산동,경상사고,0,0,1,0,차대사람 - 기타,안전운전불이행,건조,맑음,단일로 - 기타,승합,남,40세,상해없음,보행자,여,74세,경상
노인보행자사고,2022012200100093,2022년 1월 22일 10시,토요일,부산광역시 동래구 온천동,경상사고,0,0,1,0,차대사람 - 기타,안전운전불이행,건조,맑음,교차로 - 교차로부근,기타불명,기타불명,미분류,기타불명,보행자,여,67세,경상
노인보행자사고,2022012200100328,2022년 1월 22일 17시,토요일,부산광역시 사하구 하단동,경상사고,0,0,1,0,차대사람 - 차도통행중,안전운전불이행,건조,맑음,단일로 - 기타,승용,남,43세,상해없음,보행자,남,69세,경상
노인보행자사고,2022012400100069,2022년 1월 24일 08시,월요일,부산광역시 남구 대연동,사망사고,1,0,0,0,차대사람 - 보도통행중,보행자보호의무위반,건조,흐림,단일로 - 기타,승용,남,62세,상해없음,보행자,남,74세,사망
노인보행자사고,2022012400100071,2022년 1월 24일 08시,월요일,부산광역시 금정구 부곡동,중상사고,0,1,0,0,차대사람 - 횡단중,안전운전불이행,건조,맑음,단일로 - 기타,승용,남,72세,상해없음,보행자,여,89세,중상
노인보행자사고,2022012500100117,2022년 1월 25일 10시,화요일,부산광역시 수영구 남천동,경상사고,0,0,1,0,차대사람 - 기타,안전운전불이행,건조,맑음,교차로 - 교차로부근,화물,남,55세,상해없음,보행자,여,72세,경상
노인보행자사고,2022012500100118,2022년 1월 25일 10시,화요일,부산광역시 수영구 광안동,중상사고,0,1,0,0,차대사람 - 기타,안전운전불이행,건조,맑음,기타 - 기타,기타불명,기타불명,미분류,기타불명,보행자,여,67세,중상
노인보행자사고,2.02201E+15,2022년 1월 25일 10시,화요일,부산광역시 해운대구 우동,중상사고,0,1,0,0,차대사람 - 횡단중,안전운전불이행,건조,흐림,교차로 - 교차로안,승용,남,60세,상해없음,보행자,여,81세,중상
노인보행자사고,2022012500100246,2022년 1월 25일 14시,화요일,부산광역시 남구 용호동,중상사고,0,1,0,0,차대사람 - 기타,안전운전불이행,건조,맑음,교차로 - 교차로안,승용,여,39세,상해없음,보행자,여,86세,중상
노인보행자사고,2.02201E+15,2022년 1월 27일 07시,목요일,부산광역시 동래구 칠산동,중상사고,0,2,0,0,차대사람 - 보도통행중,기타,건조,맑음,단일로 - 기타,화물,남,55세,상해없음,보행자,여,65세,중상
노인보행자사고,2.02201E+15,2022년 1월 27일 19시,목요일,부산광역시 부산진구 범천동,경상사고,0,0,2,0,차대사람 - 횡단중,안전운전불이행,건조,맑음,교차로 - 교차로안,승용,남,81세,상해없음,보행자,여,67세,경상
노인보행자사고,2022012800100014,2022년 1월 28일 05시,금요일,부산광역시 남구 용당동,중상사고,0,1,0,0,차대사람 - 기타,안전운전불이행,건조,맑음,단일로 - 기타,승용,남,70세,상해없음,보행자,여,66세,중상
노인보행자사고,2022012800100265,2022년 1월 28일 14시,금요일,부산광역시 금정구 서동,중상사고,0,1,0,0,차대사람 - 기타,보행자보호의무위반,건조,맑음,교차로 - 교차로부근,화물,남,45세,상해없음,보행자,남,71세,중상
노인보행자사고,2022012900100135,2022년 1월 29일 12시,토요일,부산광역시 동구 초량동,경상사고,0,0,1,0,차대사람 - 차도통행중,안전운전불이행,건조,맑음,단일로 - 기타,승용,남,60세,상해없음,보행자,여,80세,경상
노인보행자사고,2022012900100258,2022년 1월 29일 16시,토요일,부산광역시 동래구 안락동,중상사고,0,1,0,0,차대사람 - 차도통행중,안전운전불이행,건조,맑음,단일로 - 기타,화물,남,35세,상해없음,보행자,남,69세,중상
노인보행자사고,2.02201E+15,2022년 1월 30일 14시,일요일,부산광역시 금정구 두구동,중상사고,0,1,0,0,차대사람 - 기타,안전운전불이행,건조,맑음,교차로 - 교차로안,승용,남,64세,상해없음,보행자,남,73세,중상
노인보행자사고,2022013000100365,2022년 1월 30일 23시,일요일,부산광역시 남구 대연동,사망사고,1,0,0,0,차대사람 - 보도통행중,안전운전불이행,건조,맑음,교차로 - 교차로횡단보도내,승용,남,62세,상해없음,보행자,남,79세,사망
노인보행자사고,2022013100100217,2022년 1월 31일 18시,월요일,부산광역시 남구 용당동,중상사고,0,1,0,0,차대사람 - 길가장자리구역통행중,안전운전불이행,건조,맑음,교차로 - 교차로부근,승합,남,57세,상해없음,보행자,남,68세,중상
노인보행자사고,2022020200100011,2022년 2월 2일 01시,수요일,부산광역시 사하구 장림동,중상사고,0,1,0,0,차대사람 - 기타,안전운전불이행,건조,맑음,단일로 - 지하차도(도로)내,이륜,남,21세,기타불명,보행자,남,67세,중상
노인보행자사고,2022020400100054,2022년 2월 4일 08시,금요일,부산광역시 동래구 안락동,중상사고,0,1,0,0,차대사람 - 횡단중,안전운전불이행,건조,맑음,교차로 - 교차로안,승용,여,45세,상해없음,보행자,여,67세,중상
노인보행자사고,2022020400100131,2022년 2월 4일 11시,금요일,부산광역시 동래구 안락동,경상사고,0,0,1,0,차대사람 - 기타,보행자보호의무위반,건조,맑음,단일로 - 기타,승합,남,38세,상해없음,보행자,여,84세,경상
노인보행자사고,2022020400100193,2022년 2월 4일 13시,금요일,부산광역시 부산진구 부암동,경상사고,0,0,1,0,차대사람 - 기타,안전운전불이행,건조,맑음,주차장 - 주차장,승용,남,54세,상해없음,보행자,여,74세,경상
노인보행자사고,2022020400100219,2022년 2월 4일 14시,금요일,부산광역시 해운대구 반송동,중상사고,0,2,1,0,차대차 - 기타,안전운전불이행,건조,맑음,교차로 - 교차로부근,승용,남,60세,상해없음,승용,남,30세,경상
노인보행자사고,2022020400100242,2022년 2월 4일 15시,금요일,부산광역시 수영구 광안동,중상사고,0,1,0,0,차대사람 - 횡단중,안전운전불이행,건조,맑음,교차로 - 교차로안,화물,남,81세,상해없음,보행자,남,92세,중상
노인보행자사고,2022020400100448,2022년 2월 4일 21시,금요일,부산광역시 수영구 광안동,경상사고,0,0,1,0,차대사람 - 차도통행중,안전운전불이행,건조,맑음,교차로 - 교차로부근,승용,여,59세,상해없음,보행자,남,74세,경상
노인보행자사고,2022020600100011,2022년 2월 6일 04시,일요일,부산광역시 기장군 기장읍,중상사고,0,1,0,0,차대사람 - 길가장자리구역통행중,안전운전불이행,건조,맑음,단일로 - 기타,승합,남,33세,상해없음,보행자,여,98세 이상,중상
노인보행자사고,2022020600100212,2022년 2월 6일 19시,일요일,부산광역시 기장군 정관읍,중상사고,0,1,0,0,차대사람 - 횡단중,보행자보호의무위반,건조,맑음,교차로 - 교차로횡단보도내,승용,남,69세,상해없음,보행자,남,78세,중상
노인보행자사고,2022020700100077,2022년 2월 7일 09시,월요일,부산광역시 해운대구 송정동,경상사고,0,0,1,0,차대사람 - 횡단중,보행자보호의무위반,건조,맑음,교차로 - 교차로안,승용,여,64세,상해없음,보행자,여,66세,경상
노인보행자사고,2.02202E+15,2022년 2월 7일 12시,월요일,부산광역시 금정구 남산동,경상사고,0,0,1,0,차대사람 - 길가장자리구역통행중,안전운전불이행,건조,맑음,단일로 - 기타,승용,여,44세,상해없음,보행자,여,89세,경상
노인보행자사고,2022020800100035,2022년 2월 8일 06시,화요일,부산광역시 사하구 당리동,중상사고,0,1,0,0,차대사람 - 횡단중,보행자보호의무위반,건조,맑음,교차로 - 교차로횡단보도내,화물,남,68세,상해없음,보행자,남,71세,중상
노인보행자사고,2022020800100314,2022년 2월 8일 17시,화요일,부산광역시 사하구 괴정동,중상사고,0,1,0,0,차대사람 - 횡단중,보행자보호의무위반,건조,맑음,교차로 - 교차로횡단보도내,승용,여,56세,상해없음,보행자,여,68세,중상
노인보행자사고,2022020900100074,2022년 2월 9일 08시,수요일,부산광역시 부산진구 전포동,중상사고,0,1,0,0,차대사람 - 횡단중,안전운전불이행,건조,맑음,단일로 - 기타,승합,남,61세,상해없음,보행자,남,76세,중상
노인보행자사고,2022020900100103,2022년 2월 9일 09시,수요일,부산광역시 서구 남부민동,중상사고,0,1,0,0,차대사람 - 횡단중,보행자보호의무위반,건조,맑음,교차로 - 교차로횡단보도내,승용,여,60세,상해없음,보행자,여,89세,중상
노인보행자사고,2022020900100296,2022년 2월 9일 16시,수요일,부산광역시 동래구 온천동,경상사고,0,0,1,0,차대사람 - 길가장자리구역통행중,안전운전불이행,건조,맑음,단일로 - 기타,승용,여,37세,상해없음,보행자,남,68세,경상
노인보행자사고,2022021000100196,2022년 2월 10일 13시,목요일,부산광역시 동구 범일동,경상사고,0,0,1,0,차대사람 - 차도통행중,교차로운행방법위반,건조,맑음,교차로 - 교차로안,승용,여,55세,상해없음,보행자,남,82세,경상
노인보행자사고,2022021000100198,2022년 2월 10일 13시,목요일,부산광역시 영도구 영선동2가,경상사고,0,0,1,0,차대사람 - 기타,안전운전불이행,건조,맑음,단일로 - 기타,승용,여,45세,상해없음,보행자,여,80세,경상
노인보행자사고,2022021000100229,2022년 2월 10일 14시,목요일,부산광역시 남구 용호동,중상사고,0,1,0,0,차대사람 - 기타,안전운전불이행,건조,맑음,단일로 - 기타,승용,여,42세,상해없음,보행자,여,66세,중상
노인보행자사고,2022021100100085,2022년 2월 11일 09시,금요일,부산광역시 금정구 남산동,중상사고,0,1,0,0,차대사람 - 기타,기타,건조,맑음,단일로 - 기타,승용,여,49세,상해없음,보행자,남,73세,중상
노인보행자사고,2022021100100317,2022년 2월 11일 17시,금요일,부산광역시 북구 덕천동,중상사고,0,1,0,0,차대사람 - 횡단중,보행자보호의무위반,건조,맑음,단일로 - 지하차도(도로)내,화물,남,83세,상해없음,보행자,남,67세,중상
노인보행자사고,2022021100100354,2022년 2월 11일 18시,금요일,부산광역시 기장군 정관읍,경상사고,0,0,1,0,차대사람 - 횡단중,안전운전불이행,건조,맑음,교차로 - 교차로부근,승용,여,53세,상해없음,보행자,여,74세,경상
노인보행자사고,2022021200100027,2022년 2월 12일 04시,토요일,부산광역시 금정구 부곡동,경상사고,0,0,1,0,차대사람 - 기타,안전운전불이행,건조,맑음,기타 - 기타,승용,여,52세,상해없음,보행자,남,75세,경상
노인보행자사고,2022021200100331,2022년 2월 12일 19시,토요일,부산광역시 동래구 명장동,중상사고,0,1,0,0,차대사람 - 기타,안전운전불이행,건조,맑음,주차장 - 주차장,승용,남,59세,상해없음,보행자,여,73세,중상
노인보행자사고,2022021300100115,2022년 2월 13일 14시,일요일,부산광역시 남구 문현동,경상사고,0,0,1,0,차대사람 - 길가장자리구역통행중,안전운전불이행,건조,맑음,교차로 - 교차로안,승용,남,29세,상해없음,보행자,남,79세,경상
노인보행자사고,2022021400100094,2022년 2월 14일 09시,월요일,부산광역시 사상구 모라동,경상사고,0,0,1,0,차대사람 - 기타,안전운전불이행,건조,맑음,교차로 - 교차로안,승용,남,62세,상해없음,보행자,남,80세,경상
노인보행자사고,2022021400100145,2022년 2월 14일 11시,월요일,부산광역시 중구 부평동2가,경상사고,0,0,1,0,차대사람 - 횡단중,신호위반,건조,맑음,교차로 - 교차로부근,승용,남,56세,상해없음,보행자,여,71세,경상
노인보행자사고,2.02202E+15,2022년 2월 15일 09시,화요일,부산광역시 동구 수정동,경상사고,0,0,1,0,차대사람 - 보도통행중,보행자보호의무위반,건조,맑음,단일로 - 기타,승용,남,60세,상해없음,보행자,남,79세,경상
노인보행자사고,2022021500100191,2022년 2월 15일 14시,화요일,부산광역시 남구 대연동,중상사고,0,1,0,0,차대사람 - 보도통행중,보행자보호의무위반,건조,맑음,단일로 - 기타,승용,남,74세,상해없음,보행자,남,86세,중상
노인보행자사고,2022021500100407,2022년 2월 15일 21시,화요일,부산광역시 동구 수정동,경상사고,0,0,1,0,차대사람 - 횡단중,보행자보호의무위반,건조,맑음,단일로 - 기타,승용,여,65세,상해없음,보행자,여,66세,경상
노인보행자사고,2022021600100276,2022년 2월 16일 17시,수요일,부산광역시 북구 만덕동,경상사고,0,0,1,0,차대사람 - 횡단중,안전운전불이행,건조,맑음,교차로 - 교차로횡단보도내,승용,여,49세,상해없음,보행자,남,68세,경상
노인보행자사고,2022021600100382,2022년 2월 16일 20시,수요일,부산광역시 부산진구 부암동,중상사고,0,1,0,0,차대사람 - 기타,안전운전불이행,건조,맑음,단일로 - 기타,승용,남,43세,상해없음,보행자,여,73세,중상
노인보행자사고,2022021700100024,2022년 2월 17일 06시,목요일,부산광역시 부산진구 전포동,중상사고,0,1,0,0,차대사람 - 횡단중,신호위반,건조,맑음,기타 - 기타,승용,남,62세,상해없음,보행자,여,66세,중상
노인보행자사고,2022021700100089,2022년 2월 17일 09시,목요일,부산광역시 영도구 청학동,중상사고,0,1,0,0,차대차 - 기타,안전운전불이행,건조,맑음,단일로 - 기타,승용,남,68세,상해없음,승용,여,40세,기타불명