사고부문,사고번호,사고일시,요일,시군구,사고내용,사망자수,중상자수,경상자수,부상신고자수,사고유형,법규위반,노면상태,기상상태,도로형태,가해운전자 차종,가해운전자 성별,가해운전자 연령,가해운전자 상해정도,피해운전자 차종,피해운전자 성별,피해운전자 연령,피해운전자 상해정도
노인보행자사고,2022021700100217,2022년 2월 17일 14시,목요일,부산광역시 수영구 광안동,중상사고,0,1,0,0,차대사람 - 기타,안전운전불이행,건조,맑음,교차로 - 교차로안,승용,남,52세,상해없음,보행자,여,74세,중상
노인보행자사고,2022021700100278,2022년 2월 17일 16시,목요일,부산광역시 중구 영주동,중상사고,0,1,0,0,차대사람 - 기타,안전운전불이행,건조,맑음,단일로 - 기타,이륜,남,23세,상해없음,보행자,여,83세,중상
노인보행자사고,2.02202E+15,2022년 2월 18일 15시,금요일,부산광역시 사하구 괴정동,중상사고,0,1,0,0,차대사람 - 기타,안전운전불이행,건조,맑음,단일로 - 기타,화물,여,42세,상해없음,보행자,여,72세,중상
노인보행자사고,2022021800100405,2022년 2월 18일 19시,금요일,부산광역시 해운대구 중동,중상사고,0,1,0,0,차대사람 - 횡단중,안전운전불이행,건조,맑음,단일로 - 기타,승용,여,39세,상해없음,보행자,남,72세,중상
노인보행자사고,2022021900100218,2022년 2월 19일 15시,토요일,부산광역시 북구 구포동,경상사고,0,0,1,0,차대사람 - 기타,안전운전불이행,건조,맑음,단일로 - 지하차도(도로)내,승용,여,27세,상해없음,보행자,남,72세,경상
노인보행자사고,2022021900100219,2022년 2월 19일 15시,토요일,부산광역시 부산진구 부전동,중상사고,0,1,0,0,차대사람 - 횡단중,신호위반,건조,맑음,단일로 - 기타,승용,여,36세,상해없음,보행자,남,65세,중상
노인보행자사고,2022021900100271,2022년 2월 19일 17시,토요일,부산광역시 부산진구 부전동,중상사고,0,1,0,0,차대사람 - 차도통행중,안전운전불이행,건조,맑음,교차로 - 교차로안,승용,남,54세,상해없음,보행자,남,71세,중상
노인보행자사고,2022022000100238,2022년 2월 20일 18시,일요일,부산광역시 기장군 철마면,중상사고,0,1,0,0,차대사람 - 횡단중,안전운전불이행,건조,맑음,단일로 - 기타,승합,남,40세,상해없음,보행자,여,73세,중상
노인보행자사고,2022022100100184,2022년 2월 21일 12시,월요일,부산광역시 영도구 동삼동,중상사고,0,1,0,0,차대사람 - 횡단중,보행자보호의무위반,건조,맑음,기타 - 기타,화물,남,53세,상해없음,보행자,남,72세,중상
노인보행자사고,2022022200100022,2022년 2월 22일 06시,화요일,부산광역시 남구 우암동,사망사고,1,0,0,0,차대사람 - 보도통행중,안전운전불이행,건조,맑음,교차로 - 교차로부근,건설기계,남,55세,상해없음,보행자,여,82세,사망
노인보행자사고,2022022200100061,2022년 2월 22일 08시,화요일,부산광역시 금정구 남산동,경상사고,0,0,1,0,차대사람 - 횡단중,안전운전불이행,건조,기타,기타 - 기타,기타불명,기타불명,미분류,기타불명,보행자,여,69세,경상
노인보행자사고,2022022300100117,2022년 2월 23일 11시,수요일,부산광역시 남구 문현동,중상사고,0,1,0,0,차대사람 - 기타,안전운전불이행,건조,맑음,기타 - 기타,화물,남,66세,상해없음,보행자,여,73세,중상
노인보행자사고,2022022300100205,2022년 2월 23일 14시,수요일,부산광역시 부산진구 부전동,중상사고,0,1,0,0,차대사람 - 길가장자리구역통행중,안전운전불이행,건조,맑음,교차로 - 교차로안,승용,남,38세,상해없음,보행자,남,88세,중상
노인보행자사고,2022022300100377,2022년 2월 23일 19시,수요일,부산광역시 금정구 부곡동,경상사고,0,0,1,0,차대사람 - 횡단중,보행자보호의무위반,건조,맑음,교차로 - 교차로안,승용,남,62세,상해없음,보행자,남,65세,경상
노인보행자사고,2022022300100421,2022년 2월 23일 21시,수요일,부산광역시 남구 대연동,중상사고,0,1,0,0,차대사람 - 보도통행중,안전운전불이행,건조,맑음,교차로 - 교차로안,승용,남,73세,상해없음,보행자,남,67세,중상
노인보행자사고,2022022400100274,2022년 2월 24일 15시,목요일,부산광역시 사하구 장림동,중상사고,0,1,0,0,차대사람 - 기타,안전운전불이행,건조,맑음,단일로 - 기타,승용,남,40세,상해없음,보행자,여,82세,중상
노인보행자사고,2022022500100276,2022년 2월 25일 14시,금요일,부산광역시 사하구 괴정동,중상사고,0,1,0,0,차대사람 - 차도통행중,안전운전불이행,건조,맑음,교차로 - 교차로부근,승용,남,59세,상해없음,보행자,남,72세,중상
노인보행자사고,2.02202E+15,2022년 2월 28일 10시,월요일,부산광역시 연제구 연산동,중상사고,0,2,0,0,차대사람 - 횡단중,안전운전불이행,건조,맑음,단일로 - 기타,이륜,남,81세,상해없음,보행자,여,83세,중상
노인보행자사고,2022022800100176,2022년 2월 28일 12시,월요일,부산광역시 수영구 남천동,경상사고,0,0,1,0,차대사람 - 기타,안전운전불이행,건조,맑음,교차로 - 교차로부근,승용,여,55세,상해없음,보행자,남,79세,경상
노인보행자사고,2022022800100209,2022년 2월 28일 13시,월요일,부산광역시 서구 암남동,중상사고,0,1,0,0,차대사람 - 기타,안전운전불이행,건조,맑음,교차로 - 교차로안,화물,남,75세,상해없음,보행자,여,83세,중상
노인보행자사고,2.02202E+15,2022년 2월 28일 13시,월요일,부산광역시 남구 대연동,중상사고,0,1,0,0,차대사람 - 길가장자리구역통행중,안전운전불이행,건조,맑음,교차로 - 교차로부근,화물,남,75세,상해없음,보행자,여,90세,중상
노인보행자사고,2022030200100033,2022년 3월 2일 07시,수요일,부산광역시 중구 대창동2가,중상사고,0,1,0,0,차대사람 - 횡단중,안전운전불이행,건조,맑음,교차로 - 교차로부근,승합,남,57세,상해없음,보행자,남,65세,중상
노인보행자사고,2022030200100055,2022년 3월 2일 08시,수요일,부산광역시 동래구 수안동,경상사고,0,0,1,0,차대차 - 측면충돌,안전운전불이행,건조,맑음,단일로 - 교량,승용,남,47세,상해없음,화물,남,38세,상해없음
노인보행자사고,2.02203E+15,2022년 3월 2일 09시,수요일,부산광역시 기장군 정관읍,경상사고,0,0,1,0,차대차 - 기타,기타,건조,맑음,단일로 - 기타,승용,여,40세,상해없음,승용,남,36세,상해없음
노인보행자사고,2.02203E+15,2022년 3월 2일 12시,수요일,부산광역시 중구 부평동1가,중상사고,0,1,0,0,차대사람 - 기타,안전운전불이행,건조,맑음,단일로 - 기타,이륜,남,62세,상해없음,보행자,여,79세,중상
노인보행자사고,2022030200100318,2022년 3월 2일 16시,수요일,부산광역시 사하구 괴정동,중상사고,0,1,1,0,차대사람 - 기타,안전운전불이행,건조,맑음,단일로 - 기타,원동기,여,41세,경상,보행자,여,85세,중상
노인보행자사고,2022030300100317,2022년 3월 3일 16시,목요일,부산광역시 금정구 서동,경상사고,0,0,1,0,차대사람 - 기타,안전운전불이행,건조,맑음,단일로 - 기타,승용,남,59세,상해없음,보행자,남,84세,경상
노인보행자사고,2022030400100041,2022년 3월 4일 08시,금요일,부산광역시 해운대구 재송동,경상사고,0,0,1,0,차대사람 - 기타,보행자보호의무위반,건조,맑음,교차로 - 교차로횡단보도내,승용,여,47세,상해없음,보행자,여,84세,경상
노인보행자사고,2022030400100102,2022년 3월 4일 11시,금요일,부산광역시 서구 암남동,중상사고,0,1,0,0,차대사람 - 횡단중,안전운전불이행,건조,맑음,교차로 - 교차로횡단보도내,승용,남,59세,상해없음,보행자,여,80세,중상
노인보행자사고,2022030400100222,2022년 3월 4일 15시,금요일,부산광역시 부산진구 가야동,경상사고,0,0,1,0,차대사람 - 기타,안전운전불이행,건조,맑음,단일로 - 기타,승용,여,23세,상해없음,보행자,여,77세,경상
노인보행자사고,2022030400100384,2022년 3월 4일 20시,금요일,부산광역시 사하구 장림동,중상사고,0,2,0,0,차대사람 - 횡단중,안전운전불이행,건조,맑음,단일로 - 기타,이륜,남,17세,중상,보행자,여,80세,중상
노인보행자사고,2022030500100031,2022년 3월 5일 06시,토요일,부산광역시 동래구 온천동,중상사고,0,1,0,0,차대사람 - 기타,안전운전불이행,건조,맑음,교차로 - 교차로안,승용,남,57세,상해없음,보행자,남,79세,중상
노인보행자사고,2022030500100032,2022년 3월 5일 06시,토요일,부산광역시 사하구 하단동,중상사고,0,1,0,0,차대사람 - 횡단중,안전운전불이행,건조,맑음,단일로 - 지하차도(도로)내,승용,남,46세,상해없음,보행자,남,86세,중상
노인보행자사고,2022030500100069,2022년 3월 5일 09시,토요일,부산광역시 부산진구 개금동,경상사고,0,0,1,0,차대사람 - 기타,안전운전불이행,건조,맑음,기타 - 기타,승용,남,65세,상해없음,보행자,여,80세,경상
노인보행자사고,2.02203E+15,2022년 3월 5일 11시,토요일,부산광역시 사하구 신평동,경상사고,0,0,1,0,차대사람 - 기타,기타,건조,맑음,단일로 - 기타,승용,남,25세,상해없음,보행자,남,65세,경상
노인보행자사고,2022030500100121,2022년 3월 5일 11시,토요일,부산광역시 사하구 장림동,중상사고,0,1,0,0,차대사람 - 기타,안전운전불이행,건조,맑음,단일로 - 기타,승용,여,36세,상해없음,보행자,여,65세,중상
노인보행자사고,2022030700100345,2022년 3월 7일 19시,월요일,부산광역시 부산진구 전포동,중상사고,0,1,0,0,차대사람 - 횡단중,보행자보호의무위반,건조,맑음,교차로 - 교차로횡단보도내,승용,남,62세,상해없음,보행자,남,65세,중상
노인보행자사고,2022030800100376,2022년 3월 8일 19시,화요일,부산광역시 금정구 서동,경상사고,0,0,1,0,차대사람 - 횡단중,안전운전불이행,건조,맑음,교차로 - 교차로안,승용,여,58세,상해없음,보행자,남,85세,경상
노인보행자사고,2022030800100377,2022년 3월 8일 19시,화요일,부산광역시 수영구 수영동,경상사고,0,0,1,0,차대사람 - 차도통행중,안전운전불이행,건조,맑음,단일로 - 기타,승용,남,35세,상해없음,보행자,남,65세,경상
노인보행자사고,2022030800100414,2022년 3월 8일 20시,화요일,부산광역시 연제구 연산동,경상사고,0,0,1,0,차대사람 - 차도통행중,안전운전불이행,건조,맑음,단일로 - 기타,승용,남,64세,상해없음,보행자,남,71세,경상
노인보행자사고,2022030800100431,2022년 3월 8일 21시,화요일,부산광역시 연제구 연산동,중상사고,0,1,0,0,차대사람 - 기타,안전운전불이행,건조,맑음,교차로 - 교차로안,승용,여,50세,상해없음,보행자,남,79세,중상
노인보행자사고,2.02203E+15,2022년 3월 9일 05시,수요일,부산광역시 사하구 하단동,중상사고,0,1,0,0,차대차 - 기타,기타,건조,흐림,교차로 - 교차로부근,승용,남,49세,상해없음,승용,남,75세,상해없음
노인보행자사고,2022030900100165,2022년 3월 9일 13시,수요일,부산광역시 남구 문현동,중상사고,0,1,0,0,차대사람 - 횡단중,안전운전불이행,건조,맑음,교차로 - 교차로횡단보도내,승용,남,38세,상해없음,보행자,여,67세,중상
노인보행자사고,2022030900100303,2022년 3월 9일 18시,수요일,부산광역시 기장군 기장읍,중상사고,0,1,0,0,차대사람 - 횡단중,안전운전불이행,건조,맑음,단일로 - 기타,이륜,남,51세,상해없음,보행자,여,78세,중상
노인보행자사고,2022030900100327,2022년 3월 9일 19시,수요일,부산광역시 부산진구 개금동,중상사고,0,1,0,0,차대사람 - 횡단중,보행자보호의무위반,건조,맑음,단일로 - 기타,승용,남,33세,상해없음,보행자,여,89세,중상
노인보행자사고,2022031000100142,2022년 3월 10일 11시,목요일,부산광역시 동래구 안락동,중상사고,0,1,0,0,차대사람 - 횡단중,중앙선침범,건조,맑음,단일로 - 기타,승용,남,24세,상해없음,보행자,여,71세,중상
노인보행자사고,2022031100100044,2022년 3월 11일 07시,금요일,부산광역시 북구 덕천동,중상사고,0,1,0,0,차대사람 - 차도통행중,안전운전불이행,건조,맑음,단일로 - 지하차도(도로)내,승용,남,47세,상해없음,보행자,여,81세,중상
노인보행자사고,2022031100100088,2022년 3월 11일 09시,금요일,부산광역시 남구 대연동,중상사고,0,1,0,0,차대사람 - 기타,안전운전불이행,건조,맑음,교차로 - 교차로안,승용,여,46세,상해없음,보행자,남,71세,중상
노인보행자사고,2022031100100141,2022년 3월 11일 11시,금요일,부산광역시 북구 금곡동,중상사고,0,1,0,0,차대사람 - 기타,안전운전불이행,건조,맑음,단일로 - 지하차도(도로)내,승용,남,47세,상해없음,보행자,여,75세,중상
노인보행자사고,2022031100100177,2022년 3월 11일 12시,금요일,부산광역시 사상구 괘법동,경상사고,0,0,1,0,차대사람 - 차도통행중,안전운전불이행,건조,맑음,단일로 - 기타,승용,남,60세,상해없음,보행자,남,77세,경상
노인보행자사고,2.02203E+15,2022년 3월 11일 16시,금요일,부산광역시 부산진구 당감동,중상사고,0,1,0,0,차대사람 - 길가장자리구역통행중,안전운전불이행,건조,맑음,교차로 - 교차로부근,화물,남,47세,상해없음,보행자,여,80세,중상
노인보행자사고,2022031100100359,2022년 3월 11일 18시,금요일,부산광역시 사상구 주례동,경상사고,0,0,1,0,차대사람 - 횡단중,안전운전불이행,건조,맑음,단일로 - 기타,승용,남,33세,상해없음,보행자,남,80세,경상
노인보행자사고,2022031200100221,2022년 3월 12일 15시,토요일,부산광역시 남구 감만동,경상사고,0,0,1,0,차대사람 - 횡단중,안전운전불이행,건조,맑음,교차로 - 교차로부근,화물,남,36세,상해없음,보행자,남,70세,경상
노인보행자사고,2022031200100273,2022년 3월 12일 17시,토요일,부산광역시 부산진구 당감동,중상사고,0,1,0,0,차대사람 - 기타,안전운전불이행,건조,기타,기타 - 기타,승용,남,49세,상해없음,보행자,남,81세,중상
노인보행자사고,2022031300100224,2022년 3월 13일 18시,일요일,부산광역시 금정구 서동,중상사고,0,1,0,0,차대사람 - 횡단중,보행자보호의무위반,젖음/습기,비,단일로 - 기타,이륜,남,50세,상해없음,보행자,여,71세,중상
노인보행자사고,2022031400100165,2022년 3월 14일 12시,월요일,부산광역시 사상구 학장동,경상사고,0,0,1,0,차대사람 - 기타,안전운전불이행,기타,맑음,단일로 - 기타,승용,여,60세,상해없음,보행자,여,75세,경상
노인보행자사고,2022031400100355,2022년 3월 14일 19시,월요일,부산광역시 동구 초량동,중상사고,0,1,0,0,차대사람 - 기타,안전운전불이행,건조,맑음,단일로 - 기타,승용,남,67세,상해없음,보행자,여,67세,중상
노인보행자사고,2022031500100183,2022년 3월 15일 12시,화요일,부산광역시 수영구 광안동,중상사고,0,1,0,0,차대사람 - 기타,안전운전불이행,건조,맑음,단일로 - 기타,승용,남,68세,상해없음,보행자,여,78세,중상
노인보행자사고,2022031700100053,2022년 3월 17일 08시,목요일,부산광역시 동래구 온천동,중상사고,0,1,0,0,차대사람 - 보도통행중,안전운전불이행,건조,맑음,교차로 - 교차로안,승용,남,64세,상해없음,보행자,여,80세,중상
노인보행자사고,2022031700100183,2022년 3월 17일 14시,목요일,부산광역시 남구 대연동,경상사고,0,0,1,0,차대사람 - 기타,보행자보호의무위반,건조,맑음,기타 - 기타,승용,여,53세,상해없음,보행자,남,82세,경상
노인보행자사고,2022031700100414,2022년 3월 17일 21시,목요일,부산광역시 수영구 망미동,중상사고,0,1,0,0,차대사람 - 횡단중,신호위반,젖음/습기,비,단일로 - 기타,승용,여,55세,상해없음,보행자,여,75세,중상
노인보행자사고,2022031800100025,2022년 3월 18일 05시,금요일,부산광역시 해운대구 좌동,중상사고,0,1,0,0,차대사람 - 횡단중,보행자보호의무위반,젖음/습기,비,교차로 - 교차로횡단보도내,승용,여,53세,상해없음,보행자,여,65세,중상
노인보행자사고,2022031800100299,2022년 3월 18일 19시,금요일,부산광역시 해운대구 좌동,중상사고,0,1,0,0,차대사람 - 기타,안전운전불이행,건조,흐림,기타 - 기타,승용,남,61세,상해없음,보행자,여,67세,중상
노인보행자사고,2022032000100166,2022년 3월 20일 16시,일요일,부산광역시 영도구 동삼동,경상사고,0,0,1,0,차대사람 - 횡단중,안전운전불이행,건조,맑음,단일로 - 지하차도(도로)내,승용,여,46세,상해없음,보행자,여,84세,경상
노인보행자사고,2022032000100167,2022년 3월 20일 16시,일요일,부산광역시 금정구 장전동,중상사고,0,1,0,0,차대사람 - 횡단중,보행자보호의무위반,건조,맑음,교차로 - 교차로안,승용,남,32세,상해없음,보행자,여,87세,중상
노인보행자사고,2022032000100184,2022년 3월 20일 17시,일요일,부산광역시 남구 대연동,중상사고,0,1,0,0,차대사람 - 차도통행중,교차로운행방법위반,건조,맑음,교차로 - 교차로부근,승용,남,54세,상해없음,보행자,여,70세,중상
노인보행자사고,2022032100100108,2022년 3월 21일 10시,월요일,부산광역시 북구 구포동,중상사고,0,1,0,0,차대사람 - 기타,안전운전불이행,건조,맑음,기타 - 기타,화물,남,61세,상해없음,보행자,여,79세,중상
노인보행자사고,2.02203E+15,2022년 3월 21일 21시,월요일,부산광역시 부산진구 부전동,경상사고,0,0,1,0,차대사람 - 기타,안전운전불이행,건조,맑음,단일로 - 기타,승용,남,18세,상해없음,보행자,남,74세,경상
노인보행자사고,2022032200100057,2022년 3월 22일 09시,화요일,부산광역시 기장군 기장읍,경상사고,0,0,2,0,차대사람 - 기타,안전운전불이행,건조,맑음,단일로 - 기타,승용,여,65세,상해없음,보행자,남,66세,경상
노인보행자사고,2022032300100199,2022년 3월 23일 14시,수요일,부산광역시 동래구 온천동,경상사고,0,0,1,0,차대사람 - 기타,안전운전불이행,건조,맑음,단일로 - 기타,승용,여,46세,상해없음,보행자,남,81세,경상
노인보행자사고,2022032300100276,2022년 3월 23일 17시,수요일,부산광역시 남구 용호동,경상사고,0,0,1,0,차대사람 - 길가장자리구역통행중,안전운전불이행,건조,맑음,교차로 - 교차로부근,화물,남,46세,상해없음,보행자,여,69세,경상
노인보행자사고,2022032300100344,2022년 3월 23일 19시,수요일,부산광역시 동구 범일동,중상사고,0,1,0,0,차대사람 - 기타,안전운전불이행,건조,맑음,단일로 - 기타,승용,남,46세,상해없음,보행자,여,89세,중상
노인보행자사고,2022032400100151,2022년 3월 24일 12시,목요일,부산광역시 남구 용호동,경상사고,0,0,1,0,차대사람 - 기타,안전운전불이행,건조,맑음,단일로 - 기타,승합,남,46세,상해없음,보행자,여,81세,경상
노인보행자사고,2022032400100265,2022년 3월 24일 16시,목요일,부산광역시 동구 범일동,경상사고,0,0,1,0,차대사람 - 기타,안전운전불이행,건조,맑음,단일로 - 기타,승용,남,34세,상해없음,보행자,여,70세,경상
노인보행자사고,2022032500100113,2022년 3월 25일 10시,금요일,부산광역시 부산진구 전포동,경상사고,0,0,1,0,차대사람 - 횡단중,안전운전불이행,건조,맑음,단일로 - 기타,화물,남,54세,상해없음,보행자,여,77세,경상
노인보행자사고,2022032500100249,2022년 3월 25일 15시,금요일,부산광역시 서구 서대신동3가,경상사고,0,0,1,0,차대사람 - 횡단중,신호위반,건조,맑음,교차로 - 교차로안,승용,남,85세,상해없음,보행자,여,73세,경상
노인보행자사고,2.02203E+15,2022년 3월 27일 11시,일요일,부산광역시 강서구 명지동,중상사고,0,1,0,0,차대사람 - 횡단중,안전운전불이행,건조,맑음,교차로 - 교차로부근,승용,남,54세,상해없음,보행자,여,68세,중상
노인보행자사고,2022032800100128,2022년 3월 28일 10시,월요일,부산광역시 동구 범일동,중상사고,0,1,0,0,차대사람 - 기타,안전운전불이행,건조,맑음,단일로 - 기타,승용,남,59세,상해없음,보행자,여,69세,중상
노인보행자사고,2022032900100051,2022년 3월 29일 08시,화요일,부산광역시 영도구 청학동,중상사고,0,1,0,0,차대사람 - 기타,안전운전불이행,건조,맑음,단일로 - 기타,이륜,남,62세,상해없음,보행자,남,73세,중상
노인보행자사고,2022032900100108,2022년 3월 29일 10시,화요일,부산광역시 영도구 신선동2가,중상사고,0,1,0,0,차대사람 - 횡단중,안전운전불이행,건조,맑음,기타 - 기타,승용,남,77세,상해없음,보행자,여,72세,중상
노인보행자사고,2022032900100159,2022년 3월 29일 12시,화요일,부산광역시 남구 용호동,중상사고,0,1,0,0,차대사람 - 횡단중,보행자보호의무위반,건조,맑음,단일로 - 기타,승용,남,74세,상해없음,보행자,여,68세,중상
노인보행자사고,2.02203E+15,2022년 3월 29일 14시,화요일,부산광역시 중구 남포동4가,경상사고,0,0,1,0,차대사람 - 횡단중,안전운전불이행,건조,맑음,교차로 - 교차로안,화물,남,36세,상해없음,보행자,남,72세,경상
노인보행자사고,2022032900100451,2022년 3월 29일 20시,화요일,부산광역시 수영구 수영동,중상사고,0,1,0,0,차대사람 - 횡단중,보행자보호의무위반,건조,맑음,단일로 - 기타,승용,남,40세,상해없음,보행자,남,69세,중상
노인보행자사고,2022033000100114,2022년 3월 30일 10시,수요일,부산광역시 중구 남포동5가,중상사고,0,1,0,0,차대사람 - 차도통행중,교차로운행방법위반,건조,맑음,교차로 - 교차로부근,승용,남,82세,상해없음,보행자,여,76세,중상
노인보행자사고,2022033100100238,2022년 3월 31일 15시,목요일,부산광역시 북구 화명동,중상사고,0,1,0,0,차대사람 - 기타,안전운전불이행,건조,맑음,단일로 - 기타,승용,남,52세,상해없음,보행자,남,68세,중상
노인보행자사고,2022033100100267,2022년 3월 31일 16시,목요일,부산광역시 연제구 연산동,중상사고,0,1,0,1,차대사람 - 보도통행중,안전운전불이행,건조,흐림,단일로 - 기타,자전거,남,65세,부상신고,보행자,여,70세,중상
노인보행자사고,2022040100100449,2022년 4월 1일 20시,금요일,부산광역시 사상구 학장동,중상사고,0,1,0,0,차대사람 - 횡단중,안전운전불이행,건조,맑음,단일로 - 기타,승용,남,20세,상해없음,보행자,여,70세,중상
노인보행자사고,2022040200100286,2022년 4월 2일 15시,토요일,부산광역시 사상구 괘법동,경상사고,0,0,1,0,차대차 - 기타,안전운전불이행,건조,맑음,교차로 - 교차로부근,승합,남,33세,상해없음,이륜,남,50세,기타불명
노인보행자사고,2022040200100369,2022년 4월 2일 17시,토요일,부산광역시 동래구 수안동,경상사고,0,0,1,0,차대사람 - 기타,안전운전불이행,건조,맑음,단일로 - 기타,승용,남,81세,상해없음,보행자,여,80세,경상
노인보행자사고,2022040300100028,2022년 4월 3일 05시,일요일,부산광역시 남구 대연동,중상사고,0,1,0,0,차대사람 - 기타,안전운전불이행,건조,맑음,단일로 - 기타,이륜,남,26세,상해없음,보행자,여,76세,중상
노인보행자사고,2022040300100038,2022년 4월 3일 07시,일요일,부산광역시 수영구 민락동,중상사고,0,1,0,0,차대사람 - 횡단중,보행자보호의무위반,건조,맑음,기타 - 기타,승용,남,73세,상해없음,보행자,남,78세,중상
노인보행자사고,2022040300100101,2022년 4월 3일 12시,일요일,부산광역시 사하구 하단동,중상사고,0,1,0,0,차대사람 - 길가장자리구역통행중,안전운전불이행,건조,맑음,단일로 - 기타,승용,남,37세,상해없음,보행자,여,66세,중상
노인보행자사고,2022040400100159,2022년 4월 4일 10시,월요일,부산광역시 수영구 망미동,중상사고,0,1,0,0,차대사람 - 횡단중,신호위반,건조,맑음,단일로 - 기타,원동기,남,20세,상해없음,보행자,남,78세,중상
노인보행자사고,2.02204E+15,2022년 4월 4일 12시,월요일,부산광역시 금정구 부곡동,중상사고,0,1,0,0,차대사람 - 기타,보행자보호의무위반,건조,맑음,교차로 - 교차로안,승용,여,47세,상해없음,보행자,여,70세,중상
노인보행자사고,2022040400100406,2022년 4월 4일 18시,월요일,부산광역시 금정구 남산동,중상사고,0,1,0,0,차대사람 - 횡단중,보행자보호의무위반,건조,맑음,교차로 - 교차로횡단보도내,승용,여,51세,상해없음,보행자,여,81세,중상
노인보행자사고,2022040400100512,2022년 4월 4일 22시,월요일,부산광역시 금정구 서동,경상사고,0,0,1,0,차대사람 - 횡단중,보행자보호의무위반,건조,맑음,단일로 - 기타,승용,남,34세,상해없음,보행자,남,75세,경상
노인보행자사고,2022040500100208,2022년 4월 5일 12시,화요일,부산광역시 서구 서대신동2가,경상사고,0,0,1,0,차대사람 - 보도통행중,안전운전불이행,건조,맑음,기타 - 기타,화물,남,68세,상해없음,보행자,여,68세,경상
노인보행자사고,2022040600100104,2022년 4월 6일 09시,수요일,부산광역시 부산진구 연지동,중상사고,0,1,0,0,차대사람 - 횡단중,신호위반,건조,맑음,단일로 - 기타,승용,여,40세,상해없음,보행자,여,76세,중상
노인보행자사고,2022040600100127,2022년 4월 6일 10시,수요일,부산광역시 기장군 철마면,경상사고,0,0,1,0,차대사람 - 기타,안전운전불이행,건조,맑음,단일로 - 기타,승용,여,63세,상해없음,보행자,여,93세,경상
노인보행자사고,2022040600100259,2022년 4월 6일 15시,수요일,부산광역시 부산진구 연지동,중상사고,0,1,0,0,차대사람 - 횡단중,안전운전불이행,건조,맑음,교차로 - 교차로안,승용,여,53세,상해없음,보행자,여,89세,중상
노인보행자사고,2022040700100191,2022년 4월 7일 12시,목요일,부산광역시 연제구 연산동,중상사고,0,1,0,0,차대사람 - 횡단중,신호위반,건조,맑음,교차로 - 교차로횡단보도내,승용,여,23세,상해없음,보행자,여,85세,중상
노인보행자사고,2022040700100453,2022년 4월 7일 19시,목요일,부산광역시 부산진구 양정동,중상사고,0,1,0,0,차대사람 - 기타,안전운전불이행,건조,맑음,단일로 - 기타,승용,남,56세,상해없음,보행자,여,71세,중상
노인보행자사고,2022040800100187,2022년 4월 8일 11시,금요일,부산광역시 북구 구포동,경상사고,0,0,1,0,차대사람 - 횡단중,안전운전불이행,건조,맑음,단일로 - 지하차도(도로)내,이륜,남,26세,상해없음,보행자,여,81세,경상
노인보행자사고,2022040800100219,2022년 4월 8일 12시,금요일,부산광역시 영도구 남항동1가,중상사고,0,1,0,0,차대사람 - 기타,안전운전불이행,건조,맑음,단일로 - 기타,승용,남,63세,상해없음,보행자,여,68세,중상
노인보행자사고,2.02204E+15,2022년 4월 8일 15시,금요일,부산광역시 금정구 부곡동,경상사고,0,0,1,0,차대사람 - 횡단중,안전운전불이행,건조,맑음,단일로 - 기타,이륜,남,19세,상해없음,보행자,여,83세,경상
노인보행자사고,2022040800100529,2022년 4월 8일 19시,금요일,부산광역시 연제구 연산동,중상사고,0,1,0,0,차대사람 - 횡단중,신호위반,건조,맑음,단일로 - 기타,이륜,남,41세,상해없음,보행자,여,68세,중상
노인보행자사고,2.02204E+15,2022년 4월 8일 19시,금요일,부산광역시 강서구 대저1동,중상사고,0,1,0,0,차대사람 - 횡단중,안전운전불이행,건조,맑음,교차로 - 교차로안,화물,남,46세,상해없음,보행자,남,79세,중상
노인보행자사고,2022040900100157,2022년 4월 9일 11시,토요일,부산광역시 남구 대연동,경상사고,0,0,1,0,차대사람 - 기타,안전운전불이행,건조,맑음,단일로 - 기타,승합,남,53세,상해없음,보행자,여,65세,경상
노인보행자사고,2022040900100557,2022년 4월 9일 21시,토요일,부산광역시 동래구 명륜동,경상사고,0,0,1,0,차대사람 - 기타,안전운전불이행,건조,맑음,단일로 - 기타,승용,여,21세,상해없음,보행자,남,68세,경상