사고부문,사고번호,사고일시,요일,시군구,사고내용,사망자수,중상자수,경상자수,부상신고자수,사고유형,법규위반,노면상태,기상상태,도로형태,가해운전자 차종,가해운전자 성별,가해운전자 연령,가해운전자 상해정도,피해운전자 차종,피해운전자 성별,피해운전자 연령,피해운전자 상해정도
노인보행자사고,2022041000100405,2022년 4월 10일 21시,일요일,부산광역시 영도구 동삼동,경상사고,0,0,1,0,차대사람 - 기타,안전운전불이행,건조,맑음,단일로 - 기타,승용,남,23세,상해없음,보행자,남,68세,경상
노인보행자사고,2022041100100197,2022년 4월 11일 11시,월요일,부산광역시 사상구 주례동,경상사고,0,0,1,0,차대사람 - 횡단중,안전운전불이행,건조,맑음,기타 - 기타,화물,남,27세,상해없음,보행자,남,72세,경상
노인보행자사고,2022041100100261,2022년 4월 11일 13시,월요일,부산광역시 금정구 부곡동,경상사고,0,0,1,0,차대사람 - 횡단중,안전운전불이행,건조,맑음,교차로 - 교차로안,화물,남,58세,상해없음,보행자,남,76세,경상
노인보행자사고,2022041100100262,2022년 4월 11일 13시,월요일,부산광역시 사상구 모라동,경상사고,0,0,1,0,차대사람 - 횡단중,보행자보호의무위반,건조,맑음,교차로 - 교차로부근,화물,남,52세,상해없음,보행자,여,74세,경상
노인보행자사고,2022041200100243,2022년 4월 12일 13시,화요일,부산광역시 금정구 회동동,중상사고,0,1,0,0,차대사람 - 횡단중,안전운전불이행,건조,맑음,교차로 - 교차로안,화물,남,64세,상해없음,보행자,남,76세,중상
노인보행자사고,2.02204E+15,2022년 4월 13일 08시,수요일,부산광역시 동래구 안락동,중상사고,0,1,0,0,차대사람 - 횡단중,보행자보호의무위반,건조,맑음,교차로 - 교차로안,승용,여,31세,상해없음,보행자,여,66세,중상
노인보행자사고,2022041300100142,2022년 4월 13일 10시,수요일,부산광역시 동래구 온천동,경상사고,0,0,1,0,차대사람 - 횡단중,보행자보호의무위반,건조,맑음,교차로 - 교차로횡단보도내,승용,남,79세,상해없음,보행자,남,81세,경상
노인보행자사고,2022041300100268,2022년 4월 13일 15시,수요일,부산광역시 중구 부평동2가,중상사고,0,1,0,0,차대사람 - 차도통행중,안전운전불이행,건조,맑음,단일로 - 기타,승용,남,35세,상해없음,보행자,여,65세,중상
노인보행자사고,2022041400100232,2022년 4월 14일 13시,목요일,부산광역시 남구 용호동,중상사고,0,1,0,0,차대사람 - 길가장자리구역통행중,안전운전불이행,건조,흐림,교차로 - 교차로부근,화물,남,54세,상해없음,보행자,여,81세,중상
노인보행자사고,2022041500100022,2022년 4월 15일 04시,금요일,부산광역시 북구 덕천동,중상사고,0,1,0,0,차대사람 - 기타,안전운전불이행,건조,맑음,단일로 - 기타,승용,남,64세,상해없음,보행자,여,81세,중상
노인보행자사고,2.02204E+15,2022년 4월 15일 07시,금요일,부산광역시 해운대구 반여동,경상사고,0,0,1,0,차대사람 - 횡단중,안전운전불이행,건조,맑음,교차로 - 교차로안,승용,남,68세,상해없음,보행자,남,68세,경상
노인보행자사고,2022041500100188,2022년 4월 15일 11시,금요일,부산광역시 서구 토성동5가,중상사고,0,1,0,0,차대사람 - 횡단중,안전운전불이행,건조,맑음,교차로 - 교차로횡단보도내,화물,남,62세,상해없음,보행자,여,73세,중상
노인보행자사고,2022041500100215,2022년 4월 15일 12시,금요일,부산광역시 금정구 부곡동,경상사고,0,0,1,0,차대사람 - 기타,안전운전불이행,건조,맑음,기타 - 기타,승용,여,52세,상해없음,보행자,남,67세,경상
노인보행자사고,2022041500100316,2022년 4월 15일 15시,금요일,부산광역시 남구 용호동,경상사고,0,0,1,0,차대사람 - 횡단중,안전운전불이행,건조,맑음,단일로 - 기타,화물,남,21세,상해없음,보행자,여,76세,경상
노인보행자사고,2022041600100045,2022년 4월 16일 04시,토요일,부산광역시 해운대구 중동,사망사고,1,0,0,0,차대사람 - 횡단중,안전운전불이행,건조,맑음,단일로 - 기타,승용,남,42세,상해없음,보행자,여,73세,사망
노인보행자사고,2022041600100442,2022년 4월 16일 17시,토요일,부산광역시 해운대구 반여동,경상사고,0,0,1,0,차대사람 - 횡단중,신호위반,건조,맑음,단일로 - 지하차도(도로)내,자전거,남,14세,상해없음,보행자,여,69세,경상
노인보행자사고,2022041600100488,2022년 4월 16일 18시,토요일,부산광역시 수영구 광안동,경상사고,0,0,2,0,차대사람 - 보도통행중,기타,건조,맑음,기타 - 기타,승용,여,43세,상해없음,보행자,남,78세,경상
노인보행자사고,2022041600100522,2022년 4월 16일 19시,토요일,부산광역시 동래구 온천동,중상사고,0,1,0,0,차대사람 - 횡단중,안전운전불이행,건조,맑음,단일로 - 기타,승용,남,60세,상해없음,보행자,남,87세,중상
노인보행자사고,2022041700100164,2022년 4월 17일 12시,일요일,부산광역시 금정구 부곡동,경상사고,0,0,1,0,차대사람 - 기타,교차로운행방법위반,건조,맑음,교차로 - 교차로부근,이륜,남,41세,상해없음,보행자,여,67세,경상
노인보행자사고,2022041800100051,2022년 4월 18일 07시,월요일,부산광역시 남구 문현동,중상사고,0,1,0,0,차대사람 - 기타,안전운전불이행,건조,맑음,주차장 - 주차장,승용,여,42세,상해없음,보행자,남,65세,중상
노인보행자사고,2022041800100276,2022년 4월 18일 14시,월요일,부산광역시 북구 금곡동,중상사고,0,1,0,0,차대사람 - 길가장자리구역통행중,안전운전불이행,건조,맑음,기타 - 기타,승합,남,62세,상해없음,보행자,여,82세,중상
노인보행자사고,2022041800100277,2022년 4월 18일 14시,월요일,부산광역시 사하구 신평동,경상사고,0,0,1,0,차대사람 - 횡단중,보행자보호의무위반,건조,맑음,교차로 - 교차로횡단보도내,승용,남,29세,상해없음,보행자,남,69세,경상
노인보행자사고,2022041800100391,2022년 4월 18일 17시,월요일,부산광역시 영도구 영선동3가,중상사고,0,1,0,0,차대사람 - 기타,안전운전불이행,건조,맑음,단일로 - 기타,승용,남,65세,상해없음,보행자,여,72세,중상
노인보행자사고,2022041900100052,2022년 4월 19일 06시,화요일,부산광역시 영도구 남항동2가,중상사고,0,1,0,0,차대사람 - 횡단중,안전운전불이행,건조,맑음,교차로 - 교차로횡단보도내,승용,남,42세,상해없음,보행자,여,75세,중상
노인보행자사고,2022041900100433,2022년 4월 19일 17시,화요일,부산광역시 동구 범일동,중상사고,0,1,0,0,차대사람 - 횡단중,안전운전불이행,건조,맑음,단일로 - 기타,승용,여,39세,상해없음,보행자,여,83세,중상
노인보행자사고,2022041900100482,2022년 4월 19일 18시,화요일,부산광역시 금정구 회동동,사망사고,1,0,0,0,차대사람 - 기타,안전운전불이행,건조,맑음,단일로 - 기타,승용,남,32세,상해없음,보행자,남,82세,사망
노인보행자사고,2022042000100218,2022년 4월 20일 11시,수요일,부산광역시 북구 만덕동,중상사고,0,1,1,0,차대사람 - 기타,안전운전불이행,건조,맑음,교차로 - 교차로안,화물,남,22세,상해없음,보행자,여,75세,중상
노인보행자사고,2022042000100247,2022년 4월 20일 12시,수요일,부산광역시 동구 수정동,중상사고,0,1,0,0,차대사람 - 횡단중,보행자보호의무위반,건조,맑음,교차로 - 교차로안,승용,남,80세,상해없음,보행자,여,82세,중상
노인보행자사고,2022042100100072,2022년 4월 21일 08시,목요일,부산광역시 부산진구 가야동,경상사고,0,0,1,0,차대사람 - 횡단중,보행자보호의무위반,건조,맑음,단일로 - 기타,화물,남,43세,상해없음,보행자,여,66세,경상
노인보행자사고,2022042100100174,2022년 4월 21일 11시,목요일,부산광역시 부산진구 전포동,경상사고,0,0,1,0,차대사람 - 차도통행중,안전운전불이행,건조,맑음,단일로 - 기타,이륜,여,24세,상해없음,보행자,남,66세,경상
노인보행자사고,2022042100100176,2022년 4월 21일 11시,목요일,부산광역시 사하구 신평동,경상사고,0,0,1,0,차대사람 - 기타,안전운전불이행,건조,맑음,교차로 - 교차로안,승용,남,64세,상해없음,보행자,남,89세,경상
노인보행자사고,2022042200100045,2022년 4월 22일 05시,금요일,부산광역시 북구 덕천동,경상사고,0,0,1,0,차대사람 - 횡단중,안전운전불이행,건조,맑음,단일로 - 지하차도(도로)내,승용,남,60세,상해없음,보행자,남,65세,경상
노인보행자사고,2022042200100333,2022년 4월 22일 16시,금요일,부산광역시 동래구 사직동,경상사고,0,0,1,0,차대사람 - 기타,안전운전불이행,건조,맑음,단일로 - 기타,승용,남,71세,상해없음,보행자,여,80세,경상
노인보행자사고,2022042400100235,2022년 4월 24일 15시,일요일,부산광역시 남구 용호동,중상사고,0,1,0,0,차대사람 - 보도통행중,보행자보호의무위반,건조,맑음,교차로 - 교차로부근,승용,남,39세,상해없음,보행자,남,79세,중상
노인보행자사고,2022042400100302,2022년 4월 24일 17시,일요일,부산광역시 중구 보수동1가,경상사고,0,0,1,0,차대사람 - 횡단중,보행자보호의무위반,건조,맑음,교차로 - 교차로안,승용,남,61세,상해없음,보행자,여,65세,경상
노인보행자사고,2022042400100356,2022년 4월 24일 19시,일요일,부산광역시 사하구 감천동,부상신고사고,0,0,0,1,차대사람 - 기타,안전운전불이행,건조,맑음,단일로 - 기타,기타불명,기타불명,미분류,기타불명,보행자,여,71세,부상신고
노인보행자사고,2022042500100029,2022년 4월 25일 05시,월요일,부산광역시 수영구 민락동,중상사고,0,1,0,0,차대사람 - 횡단중,안전운전불이행,건조,맑음,교차로 - 교차로부근,승용,남,29세,상해없음,보행자,여,76세,중상
노인보행자사고,2022042500100089,2022년 4월 25일 08시,월요일,부산광역시 사하구 괴정동,중상사고,0,1,0,0,차대사람 - 횡단중,안전운전불이행,건조,맑음,단일로 - 기타,승용,여,66세,상해없음,보행자,남,84세,중상
노인보행자사고,2022042500100184,2022년 4월 25일 11시,월요일,부산광역시 사상구 모라동,경상사고,0,0,1,0,차대사람 - 횡단중,안전운전불이행,건조,맑음,단일로 - 기타,화물,남,65세,기타불명,보행자,여,79세,경상
노인보행자사고,2022042500100322,2022년 4월 25일 15시,월요일,부산광역시 서구 동대신동3가,중상사고,0,1,0,0,차대사람 - 기타,안전운전불이행,건조,맑음,기타 - 기타,원동기,남,71세,상해없음,보행자,여,70세,중상
노인보행자사고,2022042500100324,2022년 4월 25일 15시,월요일,부산광역시 사하구 감천동,중상사고,0,1,0,0,차대사람 - 기타,기타,건조,맑음,단일로 - 기타,승용,여,59세,상해없음,보행자,여,74세,중상
노인보행자사고,2022042500100421,2022년 4월 25일 17시,월요일,부산광역시 사하구 신평동,경상사고,0,0,1,0,차대사람 - 차도통행중,안전운전불이행,건조,맑음,단일로 - 기타,승용,남,41세,상해없음,보행자,여,73세,경상
노인보행자사고,2022042600100036,2022년 4월 26일 02시,화요일,부산광역시 북구 화명동,중상사고,0,1,0,0,차대사람 - 기타,안전운전불이행,젖음/습기,비,단일로 - 기타,이륜,남,24세,상해없음,보행자,여,71세,중상
노인보행자사고,2022042600100154,2022년 4월 26일 09시,화요일,부산광역시 사하구 당리동,중상사고,0,1,0,0,차대사람 - 횡단중,보행자보호의무위반,건조,맑음,교차로 - 교차로횡단보도내,승용,여,43세,상해없음,보행자,여,83세,중상
노인보행자사고,2022042600100189,2022년 4월 26일 10시,화요일,부산광역시 영도구 청학동,중상사고,0,1,0,0,차대사람 - 횡단중,안전운전불이행,건조,맑음,교차로 - 교차로안,승용,남,66세,상해없음,보행자,여,75세,중상
노인보행자사고,2022042700100029,2022년 4월 27일 04시,수요일,부산광역시 부산진구 범전동,중상사고,0,1,0,0,차대사람 - 횡단중,신호위반,건조,맑음,기타 - 기타,승용,남,65세,상해없음,보행자,남,84세,중상
노인보행자사고,2022042700100526,2022년 4월 27일 20시,수요일,부산광역시 동래구 사직동,중상사고,0,1,0,0,차대사람 - 길가장자리구역통행중,안전운전불이행,건조,맑음,단일로 - 기타,이륜,여,21세,상해없음,보행자,여,65세,중상
노인보행자사고,2022042800100158,2022년 4월 28일 10시,목요일,부산광역시 부산진구 부전동,중상사고,0,1,0,0,차대사람 - 기타,안전운전불이행,건조,맑음,기타 - 기타,화물,남,44세,상해없음,보행자,여,65세,중상
노인보행자사고,2022042800100293,2022년 4월 28일 14시,목요일,부산광역시 사하구 신평동,경상사고,0,0,1,0,차대사람 - 횡단중,보행자보호의무위반,건조,맑음,교차로 - 교차로횡단보도내,화물,남,35세,상해없음,보행자,여,66세,경상
노인보행자사고,2.02204E+15,2022년 4월 29일 08시,금요일,부산광역시 영도구 동삼동,중상사고,0,1,0,0,차대사람 - 기타,안전운전불이행,젖음/습기,비,교차로 - 교차로부근,승합,남,54세,상해없음,보행자,여,75세,중상
노인보행자사고,2022042900100293,2022년 4월 29일 13시,금요일,부산광역시 해운대구 재송동,중상사고,0,1,0,0,차대사람 - 횡단중,신호위반,건조,맑음,교차로 - 교차로안,이륜,남,17세,상해없음,보행자,여,66세,중상
노인보행자사고,2022042900100592,2022년 4월 29일 21시,금요일,부산광역시 남구 문현동,중상사고,0,1,0,0,차대사람 - 기타,안전운전불이행,젖음/습기,흐림,교차로 - 교차로횡단보도내,승용,여,33세,상해없음,보행자,여,67세,중상
노인보행자사고,2022043000100081,2022년 4월 30일 08시,토요일,부산광역시 사하구 하단동,경상사고,0,0,1,0,차대사람 - 보도통행중,기타,건조,맑음,기타 - 기타,화물,남,56세,상해없음,보행자,남,85세,경상
노인보행자사고,2022050200100049,2022년 5월 2일 07시,월요일,부산광역시 북구 금곡동,중상사고,0,1,0,0,차대사람 - 기타,안전운전불이행,건조,맑음,교차로 - 교차로안,화물,남,22세,상해없음,보행자,여,72세,중상
노인보행자사고,2.02205E+15,2022년 5월 2일 12시,월요일,부산광역시 해운대구 반여동,중상사고,0,1,0,0,차대사람 - 기타,기타,건조,맑음,기타 - 기타,자전거,남,25세,상해없음,보행자,여,67세,중상
노인보행자사고,2022050200100232,2022년 5월 2일 12시,월요일,부산광역시 연제구 연산동,중상사고,0,1,0,0,차대사람 - 횡단중,보행자보호의무위반,건조,맑음,교차로 - 교차로횡단보도내,승용,남,68세,상해없음,보행자,남,84세,중상
노인보행자사고,2.02205E+15,2022년 5월 2일 13시,월요일,부산광역시 사상구 주례동,중상사고,0,1,0,0,차대사람 - 기타,안전운전불이행,건조,맑음,교차로 - 교차로안,승용,남,20세,상해없음,보행자,여,65세,중상
노인보행자사고,2022050200100376,2022년 5월 2일 16시,월요일,부산광역시 해운대구 우동,경상사고,0,0,2,0,차대사람 - 횡단중,신호위반,건조,흐림,단일로 - 기타,이륜,남,41세,상해없음,보행자,여,70세,경상
노인보행자사고,2.02205E+15,2022년 5월 2일 20시,월요일,부산광역시 연제구 연산동,중상사고,0,1,0,0,차대사람 - 기타,보행자보호의무위반,건조,맑음,단일로 - 기타,이륜,남,25세,상해없음,보행자,여,71세,중상
노인보행자사고,2.02205E+15,2022년 5월 3일 08시,화요일,부산광역시 부산진구 부전동,경상사고,0,0,1,0,차대사람 - 차도통행중,신호위반,건조,맑음,단일로 - 기타,개인형이동수단(PM),남,50세,상해없음,보행자,남,67세,경상
노인보행자사고,2022050300100264,2022년 5월 3일 13시,화요일,부산광역시 동래구 안락동,중상사고,0,1,0,0,차대사람 - 기타,안전운전불이행,건조,맑음,단일로 - 기타,승용,남,67세,상해없음,보행자,남,69세,중상
노인보행자사고,2022050300100295,2022년 5월 3일 14시,화요일,부산광역시 부산진구 양정동,중상사고,0,1,0,0,차대사람 - 횡단중,보행자보호의무위반,건조,맑음,교차로 - 교차로안,승용,남,65세,상해없음,보행자,여,84세,중상
노인보행자사고,2022050300100334,2022년 5월 3일 15시,화요일,부산광역시 해운대구 우동,중상사고,0,1,0,0,차대사람 - 기타,안전운전불이행,건조,맑음,교차로 - 교차로안,승합,여,58세,상해없음,보행자,여,77세,중상
노인보행자사고,2022050400100213,2022년 5월 4일 10시,수요일,부산광역시 금정구 서동,경상사고,0,0,1,0,차대사람 - 횡단중,보행자보호의무위반,건조,맑음,단일로 - 기타,승용,여,60세,상해없음,보행자,여,74세,경상
노인보행자사고,2022050500100037,2022년 5월 5일 02시,목요일,부산광역시 중구 부평동2가,경상사고,0,0,1,0,차대사람 - 기타,안전운전불이행,건조,맑음,단일로 - 기타,승용,남,42세,상해없음,보행자,남,66세,경상
노인보행자사고,2022050600100134,2022년 5월 6일 10시,금요일,부산광역시 북구 화명동,경상사고,0,0,1,0,차대사람 - 횡단중,보행자보호의무위반,건조,맑음,교차로 - 교차로횡단보도내,승용,남,33세,상해없음,보행자,여,72세,경상
노인보행자사고,2022050700100407,2022년 5월 7일 18시,토요일,부산광역시 동구 좌천동,중상사고,0,1,0,0,차대사람 - 차도통행중,안전운전불이행,건조,맑음,단일로 - 기타,승용,여,56세,상해없음,보행자,여,82세,중상
노인보행자사고,2022050800100059,2022년 5월 8일 07시,일요일,부산광역시 금정구 청룡동,경상사고,0,0,1,0,차대사람 - 횡단중,안전운전불이행,건조,맑음,단일로 - 기타,승용,남,74세,상해없음,보행자,남,73세,경상
노인보행자사고,2.02205E+15,2022년 5월 8일 10시,일요일,부산광역시 영도구 동삼동,중상사고,0,1,1,0,차대사람 - 횡단중,안전운전불이행,건조,맑음,교차로 - 교차로부근,승용,남,72세,상해없음,보행자,여,68세,경상
노인보행자사고,2022050800100315,2022년 5월 8일 17시,일요일,부산광역시 해운대구 반송동,부상신고사고,0,0,0,1,차대사람 - 기타,기타,건조,맑음,기타 - 기타,승합,남,44세,상해없음,보행자,여,67세,부상신고
노인보행자사고,2022050900100021,2022년 5월 9일 02시,월요일,부산광역시 부산진구 당감동,중상사고,0,1,0,0,차대사람 - 횡단중,안전운전불이행,건조,기타,단일로 - 기타,승용,남,32세,상해없음,보행자,남,68세,중상
노인보행자사고,2.02205E+15,2022년 5월 10일 10시,화요일,부산광역시 남구 대연동,중상사고,0,1,0,0,차대사람 - 횡단중,보행자보호의무위반,건조,맑음,교차로 - 교차로안,승용,여,54세,상해없음,보행자,여,65세,중상
노인보행자사고,2022051000100209,2022년 5월 10일 11시,화요일,부산광역시 해운대구 중동,경상사고,0,0,1,0,차대사람 - 기타,안전운전불이행,건조,맑음,기타 - 기타,승용,여,55세,상해없음,보행자,남,67세,경상
노인보행자사고,2022051100100153,2022년 5월 11일 10시,수요일,부산광역시 부산진구 개금동,중상사고,0,1,0,0,차대사람 - 기타,안전운전불이행,건조,맑음,단일로 - 기타,승용,남,69세,상해없음,보행자,여,76세,중상
노인보행자사고,2022051100100178,2022년 5월 11일 11시,수요일,부산광역시 중구 신창동4가,중상사고,0,1,0,0,차대사람 - 기타,안전운전불이행,건조,맑음,단일로 - 기타,승용,남,68세,상해없음,보행자,여,84세,중상
노인보행자사고,2022051100100205,2022년 5월 11일 12시,수요일,부산광역시 수영구 망미동,중상사고,0,1,0,0,차대사람 - 횡단중,보행자보호의무위반,건조,맑음,교차로 - 교차로안,승용,여,44세,상해없음,보행자,여,65세,중상
노인보행자사고,2022051100100262,2022년 5월 11일 14시,수요일,부산광역시 부산진구 부전동,경상사고,0,0,1,1,차대사람 - 기타,안전운전불이행,건조,맑음,단일로 - 기타,화물,남,56세,상해없음,보행자,남,62세,부상신고
노인보행자사고,2022051200100141,2022년 5월 12일 09시,목요일,부산광역시 금정구 부곡동,경상사고,0,0,1,0,차대사람 - 기타,안전운전불이행,건조,맑음,기타 - 기타,승용,여,22세,상해없음,보행자,여,66세,경상
노인보행자사고,2022051200100223,2022년 5월 12일 12시,목요일,부산광역시 금정구 구서동,중상사고,0,1,0,0,차대사람 - 횡단중,안전운전불이행,건조,맑음,교차로 - 교차로안,승용,여,53세,상해없음,보행자,남,78세,중상
노인보행자사고,2022051200100316,2022년 5월 12일 15시,목요일,부산광역시 중구 남포동5가,경상사고,0,0,1,0,차대사람 - 기타,안전운전불이행,건조,맑음,단일로 - 기타,승용,여,75세,상해없음,보행자,여,67세,경상
노인보행자사고,2022051200100448,2022년 5월 12일 18시,목요일,부산광역시 북구 구포동,경상사고,0,0,1,0,차대사람 - 기타,안전운전불이행,건조,맑음,단일로 - 기타,승용,남,63세,상해없음,보행자,남,67세,경상
노인보행자사고,2022051200100491,2022년 5월 12일 19시,목요일,부산광역시 연제구 거제동,중상사고,0,1,0,0,차대사람 - 기타,안전운전불이행,건조,맑음,단일로 - 기타,승용,여,35세,상해없음,보행자,남,74세,중상
노인보행자사고,2022051300100201,2022년 5월 13일 11시,금요일,부산광역시 수영구 남천동,중상사고,0,1,0,0,차대사람 - 기타,안전운전불이행,건조,맑음,주차장 - 주차장,승용,여,48세,상해없음,보행자,여,76세,중상
노인보행자사고,2022051300100345,2022년 5월 13일 15시,금요일,부산광역시 동구 범일동,중상사고,0,1,0,0,차대사람 - 횡단중,신호위반,건조,맑음,교차로 - 교차로부근,승합,남,43세,상해없음,보행자,여,73세,중상
노인보행자사고,2022051300100413,2022년 5월 13일 17시,금요일,부산광역시 북구 덕천동,중상사고,0,1,0,0,차대사람 - 횡단중,안전운전불이행,건조,맑음,교차로 - 교차로횡단보도내,승용,여,54세,상해없음,보행자,남,81세,중상
노인보행자사고,2022051300100414,2022년 5월 13일 17시,금요일,부산광역시 강서구 명지동,경상사고,0,0,1,0,차대사람 - 기타,안전운전불이행,건조,맑음,단일로 - 기타,승용,남,38세,상해없음,보행자,여,77세,경상
노인보행자사고,2022051300100644,2022년 5월 13일 22시,금요일,부산광역시 연제구 거제동,경상사고,0,0,1,0,차대사람 - 횡단중,중앙선침범,젖음/습기,비,단일로 - 기타,승용,남,51세,상해없음,보행자,여,72세,경상
노인보행자사고,2022051400100306,2022년 5월 14일 14시,토요일,부산광역시 북구 덕천동,경상사고,0,0,1,0,차대사람 - 기타,안전운전불이행,건조,맑음,기타 - 기타,승용,남,75세,상해없음,보행자,남,82세,경상
노인보행자사고,2.02205E+15,2022년 5월 15일 12시,일요일,부산광역시 수영구 수영동,중상사고,0,1,0,0,차대사람 - 기타,안전운전불이행,건조,맑음,단일로 - 기타,승용,여,39세,상해없음,보행자,여,85세,중상
노인보행자사고,2022051500100249,2022년 5월 15일 14시,일요일,부산광역시 남구 문현동,중상사고,0,1,0,0,차대사람 - 횡단중,안전운전불이행,건조,맑음,교차로 - 교차로부근,승용,여,24세,상해없음,보행자,여,76세,중상
노인보행자사고,2022051600100208,2022년 5월 16일 11시,월요일,부산광역시 해운대구 재송동,중상사고,0,1,0,0,차대사람 - 횡단중,신호위반,건조,맑음,단일로 - 기타,승용,여,55세,상해없음,보행자,여,70세,중상
노인보행자사고,2022051600100382,2022년 5월 16일 16시,월요일,부산광역시 기장군 기장읍,중상사고,0,1,0,0,차대사람 - 횡단중,보행자보호의무위반,건조,맑음,교차로 - 교차로횡단보도내,승합,남,55세,상해없음,보행자,여,69세,중상
노인보행자사고,2022051600100423,2022년 5월 16일 17시,월요일,부산광역시 서구 토성동5가,부상신고사고,0,0,0,1,차대사람 - 기타,안전운전불이행,건조,맑음,단일로 - 기타,화물,남,65세,상해없음,보행자,남,74세,부상신고
노인보행자사고,2022051800100093,2022년 5월 18일 08시,수요일,부산광역시 동래구 안락동,중상사고,0,1,0,0,차대사람 - 횡단중,보행자보호의무위반,건조,맑음,단일로 - 기타,이륜,남,53세,상해없음,보행자,남,82세,중상
노인보행자사고,2022051800100274,2022년 5월 18일 14시,수요일,부산광역시 중구 남포동6가,중상사고,0,1,0,0,차대사람 - 기타,안전운전불이행,건조,맑음,단일로 - 기타,이륜,남,29세,상해없음,보행자,여,68세,중상
노인보행자사고,2022051900100226,2022년 5월 19일 12시,목요일,부산광역시 동구 초량동,중상사고,0,1,0,0,차대사람 - 기타,안전운전불이행,건조,맑음,단일로 - 기타,화물,남,65세,상해없음,보행자,여,72세,중상
노인보행자사고,2.02205E+15,2022년 5월 20일 19시,금요일,부산광역시 부산진구 당감동,중상사고,0,1,0,0,차대사람 - 기타,신호위반,건조,맑음,교차로 - 교차로안,이륜,남,17세,상해없음,보행자,남,65세,중상
노인보행자사고,2022052200100049,2022년 5월 22일 05시,일요일,부산광역시 금정구 부곡동,중상사고,0,1,0,0,차대사람 - 횡단중,보행자보호의무위반,건조,맑음,교차로 - 교차로안,화물,남,61세,상해없음,보행자,남,83세,중상
노인보행자사고,2022052200100189,2022년 5월 22일 13시,일요일,부산광역시 북구 덕천동,경상사고,0,0,1,0,차대사람 - 횡단중,보행자보호의무위반,건조,맑음,교차로 - 교차로횡단보도내,화물,남,53세,상해없음,보행자,남,67세,경상
노인보행자사고,2022052200100289,2022년 5월 22일 16시,일요일,부산광역시 서구 남부민동,중상사고,0,2,0,1,차대차 - 기타,안전운전불이행,건조,맑음,교차로 - 교차로부근,화물,남,81세,중상,승용,여,44세,기타불명
노인보행자사고,2022052200100373,2022년 5월 22일 18시,일요일,부산광역시 남구 우암동,경상사고,0,0,1,0,차대사람 - 기타,안전운전불이행,건조,맑음,단일로 - 기타,승용,남,30세,상해없음,보행자,남,68세,경상
노인보행자사고,2022052400100207,2022년 5월 24일 11시,화요일,부산광역시 사하구 하단동,경상사고,0,0,1,0,차대사람 - 차도통행중,안전운전불이행,건조,맑음,단일로 - 기타,자전거,여,47세,상해없음,보행자,여,78세,경상
노인보행자사고,2022052400100295,2022년 5월 24일 14시,화요일,부산광역시 동래구 사직동,중상사고,0,1,0,0,차대사람 - 차도통행중,안전운전불이행,건조,맑음,교차로 - 교차로안,승용,여,38세,상해없음,보행자,여,85세,중상
노인보행자사고,2022052400100297,2022년 5월 24일 14시,화요일,부산광역시 기장군 기장읍,경상사고,0,0,1,0,차대사람 - 기타,안전운전불이행,건조,맑음,교차로 - 교차로안,이륜,남,38세,상해없음,보행자,여,72세,경상
노인보행자사고,2022052400100338,2022년 5월 24일 15시,화요일,부산광역시 부산진구 부전동,중상사고,0,1,0,0,차대사람 - 횡단중,보행자보호의무위반,건조,맑음,교차로 - 교차로부근,승용,남,63세,상해없음,보행자,여,77세,중상
노인보행자사고,2022052400100462,2022년 5월 24일 18시,화요일,부산광역시 수영구 수영동,경상사고,0,0,1,0,차대사람 - 횡단중,안전운전불이행,건조,맑음,교차로 - 교차로횡단보도내,이륜,기타불명,미분류,기타불명,보행자,여,67세,경상
노인보행자사고,2022052400100561,2022년 5월 24일 21시,화요일,부산광역시 수영구 광안동,중상사고,0,1,0,0,차대사람 - 차도통행중,안전운전불이행,건조,맑음,단일로 - 기타,승용,남,25세,상해없음,보행자,여,79세,중상
노인보행자사고,2022052400100586,2022년 5월 24일 22시,화요일,부산광역시 해운대구 좌동,중상사고,0,1,0,0,차대사람 - 횡단중,보행자보호의무위반,건조,맑음,교차로 - 교차로안,승용,남,56세,상해없음,보행자,여,74세,중상
노인보행자사고,2022052500100082,2022년 5월 25일 08시,수요일,부산광역시 북구 금곡동,경상사고,0,0,1,1,차대차 - 기타,기타,건조,맑음,교차로 - 교차로안,승용,남,69세,상해없음,승용,남,56세,경상