사고부문,사고번호,사고일시,요일,시군구,사고내용,사망자수,중상자수,경상자수,부상신고자수,사고유형,법규위반,노면상태,기상상태,도로형태,가해운전자 차종,가해운전자 성별,가해운전자 연령,가해운전자 상해정도,피해운전자 차종,피해운전자 성별,피해운전자 연령,피해운전자 상해정도
노인보행자사고,2022070800100296,2022년 7월 8일 14시,금요일,부산광역시 수영구 광안동,중상사고,0,1,0,0,차대사람 - 기타,안전운전불이행,건조,맑음,단일로 - 기타,화물,남,59세,상해없음,보행자,여,70세,중상
노인보행자사고,2022070800100533,2022년 7월 8일 20시,금요일,부산광역시 동래구 수안동,경상사고,0,0,1,0,차대사람 - 차도통행중,안전운전불이행,건조,맑음,단일로 - 기타,자전거,기타불명,미분류,기타불명,보행자,여,77세,경상
노인보행자사고,2022070900100113,2022년 7월 9일 09시,토요일,부산광역시 부산진구 초읍동,경상사고,0,0,1,0,차대사람 - 기타,안전운전불이행,건조,맑음,교차로 - 교차로부근,화물,남,52세,상해없음,보행자,여,80세,경상
노인보행자사고,2022070900100114,2022년 7월 9일 09시,토요일,부산광역시 금정구 서동,경상사고,0,0,1,0,차대사람 - 기타,안전운전불이행,건조,맑음,기타 - 기타,승용,남,62세,상해없음,보행자,남,77세,경상
노인보행자사고,2022070900100235,2022년 7월 9일 13시,토요일,부산광역시 북구 화명동,중상사고,0,4,6,1,차대차 - 추돌,신호위반,건조,맑음,교차로 - 교차로부근,승용,여,62세,상해없음,승용,남,45세,경상
노인보행자사고,2022071000100338,2022년 7월 10일 18시,일요일,부산광역시 영도구 영선동4가,경상사고,0,0,1,0,차대사람 - 기타,안전운전불이행,건조,맑음,기타 - 기타,승용,남,64세,상해없음,보행자,여,80세,경상
노인보행자사고,2022071100100077,2022년 7월 11일 08시,월요일,부산광역시 부산진구 범천동,경상사고,0,0,1,0,차대차 - 기타,안전운전불이행,젖음/습기,비,교차로 - 교차로안,승용,남,58세,상해없음,승용,남,미분류,기타불명
노인보행자사고,2022071100100188,2022년 7월 11일 11시,월요일,부산광역시 부산진구 가야동,경상사고,0,0,1,0,차대사람 - 기타,안전운전불이행,젖음/습기,비,단일로 - 기타,승용,여,42세,상해없음,보행자,남,73세,경상
노인보행자사고,2022071200100247,2022년 7월 12일 14시,화요일,부산광역시 기장군 기장읍,중상사고,0,1,0,0,차대사람 - 기타,안전운전불이행,건조,맑음,단일로 - 지하차도(도로)내,승합,남,63세,상해없음,보행자,여,67세,중상
노인보행자사고,2022071200100283,2022년 7월 12일 15시,화요일,부산광역시 사상구 주례동,중상사고,0,1,0,0,차대사람 - 기타,안전운전불이행,건조,맑음,교차로 - 교차로부근,승합,여,39세,상해없음,보행자,남,76세,중상
노인보행자사고,2022071400100187,2022년 7월 14일 10시,목요일,부산광역시 서구 토성동1가,경상사고,0,0,1,0,차대사람 - 횡단중,신호위반,건조,맑음,단일로 - 기타,이륜,남,77세,상해없음,보행자,여,67세,경상
노인보행자사고,2022071400100189,2022년 7월 14일 10시,목요일,부산광역시 해운대구 재송동,사망사고,1,0,0,0,차대사람 - 길가장자리구역통행중,안전운전불이행,건조,맑음,단일로 - 기타,화물,남,41세,상해없음,보행자,여,86세,사망
노인보행자사고,2022071400100215,2022년 7월 14일 11시,목요일,부산광역시 수영구 광안동,경상사고,0,0,1,0,차대사람 - 기타,안전운전불이행,건조,맑음,교차로 - 교차로부근,승합,남,39세,기타불명,보행자,여,74세,경상
노인보행자사고,2022071500100581,2022년 7월 15일 21시,금요일,부산광역시 남구 우암동,중상사고,0,1,0,0,차대사람 - 차도통행중,안전운전불이행,건조,맑음,단일로 - 기타,승용,남,36세,상해없음,보행자,남,65세,중상
노인보행자사고,2022071800100162,2022년 7월 18일 10시,월요일,부산광역시 해운대구 반여동,경상사고,0,0,1,0,차대사람 - 기타,안전운전불이행,건조,맑음,교차로 - 교차로부근,화물,남,59세,상해없음,보행자,남,75세,경상
노인보행자사고,2.02207E+15,2022년 7월 19일 11시,화요일,부산광역시 중구 창선동2가,경상사고,0,0,1,0,차대사람 - 기타,보행자보호의무위반,건조,맑음,교차로 - 교차로안,화물,남,60세,상해없음,보행자,여,81세,경상
노인보행자사고,2022071900100547,2022년 7월 19일 22시,화요일,부산광역시 연제구 연산동,중상사고,0,1,0,0,차대사람 - 길가장자리구역통행중,안전운전불이행,건조,맑음,교차로 - 교차로안,승용,남,29세,상해없음,보행자,남,70세,중상
노인보행자사고,2022072000100087,2022년 7월 20일 08시,수요일,부산광역시 수영구 광안동,사망사고,1,0,0,0,차대사람 - 횡단중,안전운전불이행,건조,맑음,교차로 - 교차로부근,화물,남,58세,상해없음,보행자,여,92세,사망
노인보행자사고,2022072000100165,2022년 7월 20일 10시,수요일,부산광역시 남구 감만동,경상사고,0,0,1,0,차대사람 - 보도통행중,안전운전불이행,건조,맑음,단일로 - 지하차도(도로)내,승용,남,69세,상해없음,보행자,여,69세,경상
노인보행자사고,2022072000100198,2022년 7월 20일 11시,수요일,부산광역시 남구 대연동,경상사고,0,0,1,0,차대사람 - 기타,안전운전불이행,건조,맑음,단일로 - 기타,승합,남,57세,상해없음,보행자,여,75세,경상
노인보행자사고,2.02207E+15,2022년 7월 20일 11시,수요일,부산광역시 사상구 감전동,중상사고,0,1,0,0,차대사람 - 기타,안전운전불이행,건조,맑음,교차로 - 교차로안,화물,남,58세,상해없음,보행자,남,66세,중상
노인보행자사고,2022072000100286,2022년 7월 20일 14시,수요일,부산광역시 부산진구 부전동,경상사고,0,0,1,0,차대사람 - 횡단중,안전운전불이행,건조,기타,교차로 - 교차로부근,승용,여,45세,상해없음,보행자,남,72세,경상
노인보행자사고,2022072000100358,2022년 7월 20일 16시,수요일,부산광역시 금정구 장전동,중상사고,0,1,0,0,차대사람 - 기타,교차로운행방법위반,건조,맑음,교차로 - 교차로안,이륜,남,28세,상해없음,보행자,남,79세,중상
노인보행자사고,2022072000100403,2022년 7월 20일 17시,수요일,부산광역시 강서구 명지동,중상사고,0,1,0,0,차대사람 - 횡단중,안전운전불이행,건조,맑음,단일로 - 기타,승용,남,25세,상해없음,보행자,여,71세,중상
노인보행자사고,2022072100100129,2022년 7월 21일 09시,목요일,부산광역시 영도구 봉래동4가,중상사고,0,1,0,0,차대사람 - 횡단중,보행자보호의무위반,건조,맑음,단일로 - 기타,승용,남,75세,기타불명,보행자,여,72세,중상
노인보행자사고,2022072100100159,2022년 7월 21일 10시,목요일,부산광역시 영도구 청학동,중상사고,0,1,0,0,차대사람 - 기타,안전운전불이행,건조,맑음,교차로 - 교차로부근,승용,남,64세,상해없음,보행자,여,70세,중상
노인보행자사고,2022072100100455,2022년 7월 21일 19시,목요일,부산광역시 사하구 하단동,중상사고,0,1,0,0,차대사람 - 횡단중,보행자보호의무위반,건조,맑음,교차로 - 교차로부근,이륜,남,31세,상해없음,보행자,여,73세,중상
노인보행자사고,2022072200100155,2022년 7월 22일 10시,금요일,부산광역시 기장군 기장읍,경상사고,0,0,1,0,차대사람 - 횡단중,보행자보호의무위반,건조,맑음,교차로 - 교차로부근,승용,여,76세,상해없음,보행자,여,65세,경상
노인보행자사고,2022072200100222,2022년 7월 22일 12시,금요일,부산광역시 부산진구 초읍동,중상사고,0,1,0,0,차대사람 - 횡단중,보행자보호의무위반,건조,맑음,교차로 - 교차로횡단보도내,승용,남,48세,상해없음,보행자,여,69세,중상
노인보행자사고,2022072200100274,2022년 7월 22일 13시,금요일,부산광역시 부산진구 부전동,중상사고,0,1,0,0,차대사람 - 기타,안전운전불이행,건조,맑음,단일로 - 기타,승용,여,44세,상해없음,보행자,남,66세,중상
노인보행자사고,2.02207E+15,2022년 7월 22일 16시,금요일,부산광역시 연제구 연산동,중상사고,0,1,0,0,차대사람 - 기타,안전운전불이행,건조,맑음,단일로 - 기타,승용,여,71세,상해없음,보행자,여,79세,중상
노인보행자사고,2022072300100116,2022년 7월 23일 10시,토요일,부산광역시 수영구 광안동,경상사고,0,0,1,0,차대사람 - 기타,안전운전불이행,건조,맑음,교차로 - 교차로안,화물,남,62세,상해없음,보행자,남,66세,경상
노인보행자사고,2022072300100117,2022년 7월 23일 10시,토요일,부산광역시 동래구 사직동,경상사고,0,0,1,0,차대사람 - 차도통행중,안전운전불이행,건조,맑음,교차로 - 교차로안,승용,남,70세,상해없음,보행자,여,67세,경상
노인보행자사고,2.02207E+15,2022년 7월 23일 14시,토요일,부산광역시 동래구 온천동,중상사고,0,1,0,0,차대사람 - 기타,안전운전불이행,건조,맑음,단일로 - 기타,승용,여,25세,상해없음,보행자,여,65세,중상
노인보행자사고,2022072500100154,2022년 7월 25일 10시,월요일,부산광역시 부산진구 부전동,경상사고,0,0,1,0,차대사람 - 기타,안전운전불이행,건조,맑음,단일로 - 기타,기타불명,여,57세,상해없음,보행자,여,74세,경상
노인보행자사고,2022072500100241,2022년 7월 25일 12시,월요일,부산광역시 사상구 주례동,중상사고,0,1,0,0,차대사람 - 기타,안전운전불이행,건조,맑음,단일로 - 기타,화물,남,38세,상해없음,보행자,여,86세,중상
노인보행자사고,2.02207E+15,2022년 7월 25일 15시,월요일,부산광역시 수영구 민락동,부상신고사고,0,0,0,1,차대사람 - 길가장자리구역통행중,안전운전불이행,건조,맑음,단일로 - 기타,승용,여,54세,상해없음,보행자,여,69세,부상신고
노인보행자사고,2022072500100331,2022년 7월 25일 15시,월요일,부산광역시 동래구 명륜동,중상사고,0,2,0,0,차대사람 - 횡단중,안전운전불이행,건조,맑음,단일로 - 기타,승용,남,60세,상해없음,보행자,여,56세,중상
노인보행자사고,2022072500100369,2022년 7월 25일 16시,월요일,부산광역시 동래구 사직동,중상사고,0,1,0,0,차대사람 - 횡단중,보행자보호의무위반,건조,맑음,교차로 - 교차로안,승용,여,61세,상해없음,보행자,여,69세,중상
노인보행자사고,2.02207E+15,2022년 7월 26일 09시,화요일,부산광역시 영도구 동삼동,중상사고,0,1,1,0,차대사람 - 횡단중,보행자보호의무위반,건조,맑음,단일로 - 기타,화물,남,79세,상해없음,보행자,여,84세,중상
노인보행자사고,2022072600100193,2022년 7월 26일 11시,화요일,부산광역시 중구 대청동4가,경상사고,0,0,1,0,차대사람 - 횡단중,신호위반,건조,맑음,교차로 - 교차로안,승용,남,67세,상해없음,보행자,여,68세,경상
노인보행자사고,2022072700100201,2022년 7월 27일 12시,수요일,부산광역시 수영구 광안동,경상사고,0,0,1,0,차대사람 - 길가장자리구역통행중,안전운전불이행,건조,맑음,단일로 - 기타,승용,남,19세,상해없음,보행자,여,66세,경상
노인보행자사고,2022072800100221,2022년 7월 28일 12시,목요일,부산광역시 동래구 안락동,경상사고,0,0,1,0,차대사람 - 기타,안전운전불이행,건조,흐림,단일로 - 기타,승용,남,62세,상해없음,보행자,남,78세,경상
노인보행자사고,2022072800100254,2022년 7월 28일 13시,목요일,부산광역시 중구 영주동,중상사고,0,1,0,0,차대사람 - 기타,안전운전불이행,건조,맑음,교차로 - 교차로부근,승용,여,44세,상해없음,보행자,여,82세,중상
노인보행자사고,2022072800100255,2022년 7월 28일 13시,목요일,부산광역시 동래구 명륜동,경상사고,0,0,1,0,차대사람 - 횡단중,안전운전불이행,건조,맑음,단일로 - 지하차도(도로)내,승용,여,70세,상해없음,보행자,여,74세,경상
노인보행자사고,2.02207E+15,2022년 7월 29일 14시,금요일,부산광역시 영도구 동삼동,경상사고,0,0,1,0,차대사람 - 차도통행중,안전운전불이행,건조,맑음,단일로 - 기타,화물,남,23세,상해없음,보행자,남,79세,경상
노인보행자사고,2022072900100414,2022년 7월 29일 17시,금요일,부산광역시 부산진구 가야동,중상사고,0,1,0,0,차대사람 - 횡단중,보행자보호의무위반,건조,맑음,기타 - 기타,승용,여,56세,상해없음,보행자,남,71세,중상
노인보행자사고,2022072900100458,2022년 7월 29일 18시,금요일,부산광역시 부산진구 부전동,경상사고,0,0,1,0,차대사람 - 길가장자리구역통행중,안전운전불이행,건조,맑음,단일로 - 기타,승용,여,57세,상해없음,보행자,남,67세,경상
노인보행자사고,2022072900100506,2022년 7월 29일 19시,금요일,부산광역시 금정구 서동,중상사고,0,1,0,0,차대사람 - 기타,보행자보호의무위반,건조,맑음,교차로 - 교차로횡단보도내,승용,여,40세,상해없음,보행자,여,65세,중상
노인보행자사고,2022073000100147,2022년 7월 30일 10시,토요일,부산광역시 동구 범일동,경상사고,0,0,1,0,차대사람 - 차도통행중,불법유턴,건조,맑음,교차로 - 교차로부근,승용,남,48세,상해없음,보행자,여,73세,경상
노인보행자사고,2022073100100105,2022년 7월 31일 11시,일요일,부산광역시 동래구 안락동,중상사고,0,1,0,0,차대사람 - 차도통행중,안전운전불이행,젖음/습기,비,교차로 - 교차로안,승용,여,47세,상해없음,보행자,여,81세,중상
노인보행자사고,2022073100100198,2022년 7월 31일 14시,일요일,부산광역시 중구 부평동3가,중상사고,0,1,0,0,차대사람 - 차도통행중,안전운전불이행,건조,맑음,교차로 - 교차로안,승용,남,67세,상해없음,보행자,여,79세,중상
노인보행자사고,2022080200100052,2022년 8월 2일 05시,화요일,부산광역시 남구 문현동,사망사고,1,0,0,0,차대사람 - 횡단중,기타,건조,맑음,단일로 - 기타,승용,남,65세,상해없음,보행자,여,79세,사망
노인보행자사고,2022080200100072,2022년 8월 2일 07시,화요일,부산광역시 사하구 괴정동,경상사고,0,0,1,0,차대사람 - 횡단중,보행자보호의무위반,젖음/습기,비,교차로 - 교차로횡단보도내,승용,여,60세,상해없음,보행자,남,87세,경상
노인보행자사고,2022080300100053,2022년 8월 3일 05시,수요일,부산광역시 남구 대연동,중상사고,0,1,0,0,차대사람 - 횡단중,기타,젖음/습기,비,교차로 - 교차로안,승용,남,52세,상해없음,보행자,남,84세,중상
노인보행자사고,2022080300100151,2022년 8월 3일 10시,수요일,부산광역시 해운대구 재송동,중상사고,0,1,0,0,차대사람 - 기타,보행자보호의무위반,건조,맑음,단일로 - 기타,승용,남,25세,상해없음,보행자,여,83세,중상
노인보행자사고,2022080300100173,2022년 8월 3일 11시,수요일,부산광역시 금정구 부곡동,사망사고,1,0,0,0,차대사람 - 길가장자리구역통행중,안전운전불이행,건조,맑음,교차로 - 교차로횡단보도내,화물,남,40세,상해없음,보행자,여,85세,사망
노인보행자사고,2022080300100202,2022년 8월 3일 12시,수요일,부산광역시 부산진구 개금동,중상사고,0,1,0,0,차대사람 - 기타,안전운전불이행,건조,맑음,기타 - 기타,이륜,남,23세,상해없음,보행자,여,72세,중상
노인보행자사고,2022080400100048,2022년 8월 4일 07시,목요일,부산광역시 연제구 연산동,중상사고,0,1,0,0,차대사람 - 기타,안전운전불이행,건조,맑음,단일로 - 기타,승용,남,82세,상해없음,보행자,여,67세,중상
노인보행자사고,2022080400100127,2022년 8월 4일 10시,목요일,부산광역시 금정구 부곡동,중상사고,0,1,0,0,차대사람 - 기타,안전운전불이행,건조,맑음,교차로 - 교차로부근,승용,남,65세,상해없음,보행자,여,76세,중상
노인보행자사고,2022080400100371,2022년 8월 4일 17시,목요일,부산광역시 수영구 수영동,경상사고,0,0,1,0,차대사람 - 기타,안전운전불이행,건조,맑음,단일로 - 기타,승합,남,72세,상해없음,보행자,여,79세,경상
노인보행자사고,2022080500100397,2022년 8월 5일 17시,금요일,부산광역시 해운대구 중동,중상사고,0,1,0,0,차대사람 - 보도통행중,안전운전불이행,건조,맑음,단일로 - 기타,승용,남,33세,상해없음,보행자,남,65세,중상
노인보행자사고,2022080500100452,2022년 8월 5일 18시,금요일,부산광역시 연제구 연산동,경상사고,0,0,1,0,차대사람 - 횡단중,보행자보호의무위반,건조,맑음,교차로 - 교차로횡단보도내,승용,남,43세,상해없음,보행자,여,75세,경상
노인보행자사고,2022080500100486,2022년 8월 5일 19시,금요일,부산광역시 영도구 대교동2가,경상사고,0,0,1,0,차대사람 - 기타,안전운전불이행,건조,맑음,기타 - 기타,승용,남,62세,상해없음,보행자,여,65세,경상
노인보행자사고,2022080500100525,2022년 8월 5일 20시,금요일,부산광역시 수영구 망미동,경상사고,0,0,1,0,차대사람 - 횡단중,안전운전불이행,건조,맑음,기타 - 기타,자전거,남,23세,상해없음,보행자,남,68세,경상
노인보행자사고,2022080600100282,2022년 8월 6일 15시,토요일,부산광역시 동구 범일동,경상사고,0,0,1,0,차대사람 - 횡단중,보행자보호의무위반,건조,맑음,교차로 - 교차로횡단보도내,화물,남,64세,상해없음,보행자,여,70세,경상
노인보행자사고,2022080700100082,2022년 8월 7일 10시,일요일,부산광역시 사상구 모라동,부상신고사고,0,0,0,1,차대사람 - 횡단중,안전운전불이행,건조,맑음,교차로 - 교차로부근,승용,남,53세,상해없음,보행자,남,65세,부상신고
노인보행자사고,2022080800100071,2022년 8월 8일 08시,월요일,부산광역시 부산진구 개금동,경상사고,0,0,1,0,차대사람 - 횡단중,안전운전불이행,건조,맑음,기타 - 기타,승용,여,26세,상해없음,보행자,남,68세,경상
노인보행자사고,2.02208E+15,2022년 8월 8일 11시,월요일,부산광역시 서구 동대신동3가,경상사고,0,0,2,0,차대사람 - 횡단중,보행자보호의무위반,건조,맑음,교차로 - 교차로안,승용,여,22세,상해없음,보행자,여,64세,경상
노인보행자사고,2022080800100238,2022년 8월 8일 14시,월요일,부산광역시 사상구 삼락동,중상사고,0,1,0,0,차대사람 - 보도통행중,기타,건조,맑음,기타 - 기타,화물,남,50세,상해없음,보행자,남,67세,중상
노인보행자사고,2022080800100438,2022년 8월 8일 19시,월요일,부산광역시 연제구 거제동,중상사고,0,1,0,0,차대사람 - 길가장자리구역통행중,안전운전불이행,건조,맑음,단일로 - 기타,승용,여,42세,상해없음,보행자,여,81세,중상
노인보행자사고,2022080900100099,2022년 8월 9일 09시,화요일,부산광역시 부산진구 가야동,중상사고,0,1,0,0,차대사람 - 차도통행중,안전운전불이행,건조,맑음,교차로 - 교차로안,화물,남,57세,상해없음,보행자,여,66세,중상
노인보행자사고,2022080900100404,2022년 8월 9일 19시,화요일,부산광역시 부산진구 범천동,중상사고,0,1,0,0,차대사람 - 횡단중,안전운전불이행,건조,기타,단일로 - 기타,승용,남,37세,상해없음,보행자,남,67세,중상
노인보행자사고,2.02208E+15,2022년 8월 10일 13시,수요일,부산광역시 동래구 온천동,중상사고,0,1,0,0,차대사람 - 횡단중,안전운전불이행,건조,맑음,단일로 - 기타,승용,여,66세,상해없음,보행자,남,68세,중상
노인보행자사고,2022081000100261,2022년 8월 10일 15시,수요일,부산광역시 북구 덕천동,중상사고,0,1,0,0,차대사람 - 횡단중,보행자보호의무위반,건조,맑음,교차로 - 교차로횡단보도내,화물,남,60세,상해없음,보행자,여,71세,중상
노인보행자사고,2022081000100418,2022년 8월 10일 19시,수요일,부산광역시 금정구 부곡동,경상사고,0,0,1,0,차대사람 - 기타,안전운전불이행,건조,맑음,단일로 - 기타,승용,남,60세,상해없음,보행자,남,69세,경상
노인보행자사고,2022081100100225,2022년 8월 11일 14시,목요일,부산광역시 북구 만덕동,중상사고,0,1,0,0,차대사람 - 보도통행중,기타,건조,맑음,단일로 - 기타,승용,여,47세,상해없음,보행자,여,89세,중상
노인보행자사고,2022081100100298,2022년 8월 11일 16시,목요일,부산광역시 수영구 망미동,중상사고,0,1,0,0,차대사람 - 길가장자리구역통행중,안전운전불이행,건조,맑음,단일로 - 기타,승합,여,61세,상해없음,보행자,남,73세,중상
노인보행자사고,2022081200100182,2022년 8월 12일 11시,금요일,부산광역시 영도구 봉래동3가,중상사고,0,1,0,0,차대사람 - 기타,안전운전불이행,건조,맑음,단일로 - 기타,승용,여,43세,상해없음,보행자,남,73세,중상
노인보행자사고,2022081200100401,2022년 8월 12일 17시,금요일,부산광역시 중구 남포동4가,경상사고,0,0,1,0,차대사람 - 차도통행중,안전운전불이행,건조,맑음,단일로 - 기타,자전거,남,60세,상해없음,보행자,남,68세,경상
노인보행자사고,2022081200100452,2022년 8월 12일 18시,금요일,부산광역시 동구 범일동,경상사고,0,0,1,0,차대사람 - 차도통행중,안전운전불이행,건조,맑음,단일로 - 기타,승용,남,37세,상해없음,보행자,여,75세,경상
노인보행자사고,2.02208E+15,2022년 8월 12일 19시,금요일,부산광역시 사상구 괘법동,경상사고,0,0,1,0,차대사람 - 차도통행중,안전운전불이행,건조,맑음,교차로 - 교차로안,화물,남,34세,기타불명,보행자,여,69세,경상
노인보행자사고,2022081500100113,2022년 8월 15일 11시,월요일,부산광역시 서구 서대신동2가,중상사고,0,1,0,0,차대사람 - 횡단중,안전운전불이행,건조,맑음,단일로 - 기타,승용,남,61세,상해없음,보행자,여,89세,중상
노인보행자사고,2022081500100219,2022년 8월 15일 14시,월요일,부산광역시 연제구 연산동,중상사고,0,1,0,0,차대사람 - 차도통행중,신호위반,건조,맑음,교차로 - 교차로부근,이륜,남,24세,상해없음,보행자,여,68세,중상
노인보행자사고,2022081600100035,2022년 8월 16일 06시,화요일,부산광역시 동구 범일동,중상사고,0,1,0,0,차대사람 - 기타,안전운전불이행,건조,맑음,단일로 - 기타,자전거,남,53세,상해없음,보행자,여,83세,중상
노인보행자사고,2022081600100282,2022년 8월 16일 14시,화요일,부산광역시 연제구 거제동,사망사고,1,0,0,0,차대사람 - 횡단중,보행자보호의무위반,젖음/습기,비,단일로 - 기타,승용,남,51세,상해없음,보행자,여,75세,사망
노인보행자사고,2022081600100312,2022년 8월 16일 15시,화요일,부산광역시 중구 영주동,중상사고,0,1,0,0,차대사람 - 차도통행중,안전운전불이행,젖음/습기,비,교차로 - 교차로부근,이륜,남,64세,기타불명,보행자,여,81세,중상
노인보행자사고,2022081700100257,2022년 8월 17일 13시,수요일,부산광역시 동구 초량동,중상사고,0,1,0,0,차대사람 - 차도통행중,안전운전불이행,젖음/습기,비,단일로 - 지하차도(도로)내,승용,남,67세,상해없음,보행자,여,75세,중상
노인보행자사고,2022081700100456,2022년 8월 17일 18시,수요일,부산광역시 부산진구 부전동,중상사고,0,1,0,0,차대사람 - 차도통행중,안전운전불이행,건조,맑음,단일로 - 기타,승합,남,60세,상해없음,보행자,남,75세,중상
노인보행자사고,2022081800100225,2022년 8월 18일 12시,목요일,부산광역시 남구 대연동,중상사고,0,1,0,0,차대사람 - 기타,안전운전불이행,건조,맑음,단일로 - 기타,승용,남,41세,상해없음,보행자,여,86세,중상
노인보행자사고,2022081900100154,2022년 8월 19일 10시,금요일,부산광역시 수영구 망미동,사망사고,1,0,0,0,차대사람 - 차도통행중,안전운전불이행,건조,맑음,단일로 - 기타,화물,남,69세,상해없음,보행자,남,88세,사망
노인보행자사고,2022081900100194,2022년 8월 19일 11시,금요일,부산광역시 연제구 연산동,경상사고,0,0,1,0,차대사람 - 횡단중,보행자보호의무위반,건조,맑음,단일로 - 기타,화물,남,29세,상해없음,보행자,여,79세,경상
노인보행자사고,2022081900100269,2022년 8월 19일 13시,금요일,부산광역시 부산진구 개금동,중상사고,0,1,0,0,차대사람 - 횡단중,보행자보호의무위반,건조,기타,교차로 - 교차로횡단보도내,화물,남,50세,상해없음,보행자,남,88세,중상
노인보행자사고,2022081900100501,2022년 8월 19일 19시,금요일,부산광역시 영도구 영선동3가,중상사고,0,1,0,0,차대사람 - 기타,안전운전불이행,건조,맑음,단일로 - 기타,승합,남,31세,상해없음,보행자,여,71세,중상
노인보행자사고,2022082000100168,2022년 8월 20일 11시,토요일,부산광역시 동구 범일동,중상사고,0,1,0,0,차대사람 - 횡단중,안전운전불이행,건조,맑음,단일로 - 기타,승용,남,26세,상해없음,보행자,여,77세,중상
노인보행자사고,2022082000100528,2022년 8월 20일 20시,토요일,부산광역시 동래구 명장동,경상사고,0,0,1,0,차대사람 - 횡단중,안전운전불이행,젖음/습기,비,교차로 - 교차로안,승용,여,48세,상해없음,보행자,여,72세,경상
노인보행자사고,2022082200100364,2022년 8월 22일 17시,월요일,부산광역시 금정구 회동동,경상사고,0,0,1,0,차대사람 - 기타,안전운전불이행,건조,맑음,기타 - 기타,승용,남,41세,상해없음,보행자,여,65세,경상
노인보행자사고,2022082300100049,2022년 8월 23일 06시,화요일,부산광역시 수영구 수영동,중상사고,0,1,0,0,차대사람 - 기타,안전운전불이행,건조,맑음,단일로 - 기타,자전거,남,56세,상해없음,보행자,남,84세,중상
노인보행자사고,2022082300100244,2022년 8월 23일 13시,화요일,부산광역시 금정구 서동,부상신고사고,0,0,0,1,차대사람 - 보도통행중,안전운전불이행,건조,맑음,단일로 - 기타,승용,남,59세,상해없음,보행자,여,79세,부상신고
노인보행자사고,2022082300100282,2022년 8월 23일 14시,화요일,부산광역시 북구 만덕동,경상사고,0,0,1,0,차대사람 - 기타,기타,건조,맑음,단일로 - 기타,승용,여,62세,상해없음,보행자,여,68세,경상
노인보행자사고,2022082500100031,2022년 8월 25일 05시,목요일,부산광역시 연제구 연산동,중상사고,0,1,0,0,차대사람 - 기타,안전운전불이행,건조,맑음,단일로 - 기타,승용,남,23세,상해없음,보행자,여,73세,중상
노인보행자사고,2022082500100136,2022년 8월 25일 10시,목요일,부산광역시 동래구 수안동,중상사고,0,1,0,0,차대사람 - 차도통행중,안전운전불이행,건조,맑음,단일로 - 기타,승용,남,35세,상해없음,보행자,남,68세,중상
노인보행자사고,2022082500100206,2022년 8월 25일 12시,목요일,부산광역시 동구 수정동,중상사고,0,1,0,0,차대사람 - 횡단중,안전운전불이행,건조,맑음,교차로 - 교차로안,화물,남,45세,상해없음,보행자,남,74세,중상
노인보행자사고,2022082500100241,2022년 8월 25일 13시,목요일,부산광역시 부산진구 부암동,중상사고,0,1,0,0,차대사람 - 기타,안전운전불이행,건조,맑음,기타 - 기타,승용,여,52세,상해없음,보행자,여,67세,중상
노인보행자사고,2022082500100453,2022년 8월 25일 19시,목요일,부산광역시 영도구 동삼동,중상사고,0,1,0,0,차대사람 - 보도통행중,보행자보호의무위반,건조,흐림,교차로 - 교차로횡단보도내,승용,여,35세,상해없음,보행자,여,85세,중상
노인보행자사고,2022082600100164,2022년 8월 26일 10시,금요일,부산광역시 서구 남부민동,중상사고,0,1,0,0,차대사람 - 차도통행중,안전운전불이행,건조,맑음,단일로 - 기타,승용,남,69세,상해없음,보행자,여,72세,중상
노인보행자사고,2022082600100404,2022년 8월 26일 17시,금요일,부산광역시 해운대구 우동,경상사고,0,0,1,0,차대사람 - 횡단중,안전운전불이행,건조,맑음,단일로 - 기타,승용,남,59세,상해없음,보행자,남,74세,경상
노인보행자사고,2022082600100468,2022년 8월 26일 18시,금요일,부산광역시 동래구 명륜동,경상사고,0,0,1,0,차대사람 - 차도통행중,안전운전불이행,건조,맑음,단일로 - 지하차도(도로)내,승용,여,32세,상해없음,보행자,남,77세,경상