사고부문,사고번호,사고일시,요일,시군구,사고내용,사망자수,중상자수,경상자수,부상신고자수,사고유형,법규위반,노면상태,기상상태,도로형태,가해운전자 차종,가해운전자 성별,가해운전자 연령,가해운전자 상해정도,피해운전자 차종,피해운전자 성별,피해운전자 연령,피해운전자 상해정도
노인보행자사고,2022100700100415,2022년 10월 7일 16시,금요일,부산광역시 남구 문현동,중상사고,0,1,0,0,차대사람 - 기타,안전운전불이행,건조,맑음,단일로 - 기타,승용,여,58세,상해없음,보행자,여,65세,중상
노인보행자사고,2022100700100418,2022년 10월 7일 16시,금요일,부산광역시 사하구 하단동,경상사고,0,0,1,0,차대사람 - 기타,기타,건조,맑음,기타 - 기타,승용,남,71세,기타불명,보행자,남,67세,경상
노인보행자사고,2.0221E+15,2022년 10월 7일 16시,금요일,부산광역시 사상구 덕포동,중상사고,0,1,0,0,차대사람 - 횡단중,보행자보호의무위반,건조,맑음,교차로 - 교차로횡단보도내,승용,여,41세,상해없음,보행자,여,77세,중상
노인보행자사고,2022100700100508,2022년 10월 7일 18시,금요일,부산광역시 사상구 감전동,중상사고,0,1,0,0,차대사람 - 횡단중,안전운전불이행,건조,맑음,교차로 - 교차로안,승용,남,50세,상해없음,보행자,남,70세,중상
노인보행자사고,2022100700100565,2022년 10월 7일 19시,금요일,부산광역시 부산진구 전포동,중상사고,0,1,0,0,차대사람 - 횡단중,안전운전불이행,건조,맑음,교차로 - 교차로안,승용,남,32세,상해없음,보행자,여,70세,중상
노인보행자사고,2022100800100076,2022년 10월 8일 06시,토요일,부산광역시 수영구 광안동,사망사고,1,0,0,0,차대사람 - 횡단중,기타,건조,맑음,단일로 - 기타,승용,남,61세,상해없음,보행자,남,76세,사망
노인보행자사고,2022100800100633,2022년 10월 8일 22시,토요일,부산광역시 중구 남포동5가,중상사고,0,1,0,0,차대사람 - 횡단중,안전운전불이행,건조,맑음,단일로 - 기타,이륜,남,27세,기타불명,보행자,남,71세,중상
노인보행자사고,2022100900100438,2022년 10월 9일 20시,일요일,부산광역시 남구 대연동,중상사고,0,1,0,0,차대사람 - 보도통행중,안전운전불이행,젖음/습기,비,단일로 - 기타,이륜,남,36세,상해없음,보행자,여,68세,중상
노인보행자사고,2022101000100386,2022년 10월 10일 19시,월요일,부산광역시 사상구 괘법동,중상사고,0,1,0,0,차대사람 - 기타,안전운전불이행,건조,맑음,교차로 - 교차로부근,승용,남,35세,기타불명,보행자,남,77세,중상
노인보행자사고,2022101100100142,2022년 10월 11일 09시,화요일,부산광역시 영도구 청학동,경상사고,0,0,1,0,차대사람 - 기타,안전운전불이행,건조,맑음,기타 - 기타,승용,남,62세,상해없음,보행자,여,75세,경상
노인보행자사고,2022101100100284,2022년 10월 11일 13시,화요일,부산광역시 중구 신창동1가,경상사고,0,0,1,0,차대사람 - 기타,안전운전불이행,건조,맑음,단일로 - 기타,승용,남,69세,상해없음,보행자,여,67세,경상
노인보행자사고,2022101100100321,2022년 10월 11일 14시,화요일,부산광역시 동구 초량동,중상사고,0,1,0,0,차대사람 - 횡단중,안전운전불이행,건조,맑음,단일로 - 기타,승용,남,40세,상해없음,보행자,남,90세,중상
노인보행자사고,2022101100100372,2022년 10월 11일 15시,화요일,부산광역시 남구 대연동,경상사고,0,0,1,0,차대사람 - 기타,안전운전불이행,건조,맑음,단일로 - 기타,기타불명,기타불명,미분류,기타불명,보행자,여,73세,경상
노인보행자사고,2022101100100373,2022년 10월 11일 15시,화요일,부산광역시 금정구 구서동,사망사고,1,0,0,0,차대사람 - 차도통행중,안전운전불이행,건조,맑음,단일로 - 기타,승합,남,26세,상해없음,보행자,여,80세,사망
노인보행자사고,2022101200100027,2022년 10월 12일 05시,수요일,부산광역시 서구 동대신동1가,중상사고,0,1,0,0,차대사람 - 기타,안전운전불이행,건조,맑음,단일로 - 기타,승용,남,57세,상해없음,보행자,여,76세,중상
노인보행자사고,2022101200100381,2022년 10월 12일 16시,수요일,부산광역시 서구 동대신동2가,경상사고,0,0,1,0,차대사람 - 횡단중,기타,건조,맑음,단일로 - 기타,승용,남,36세,상해없음,보행자,여,66세,경상
노인보행자사고,2022101300100314,2022년 10월 13일 14시,목요일,부산광역시 해운대구 중동,경상사고,0,0,1,0,차대사람 - 기타,안전운전불이행,건조,맑음,기타 - 기타,승용,여,60세,상해없음,보행자,남,89세,경상
노인보행자사고,2022101400100063,2022년 10월 14일 07시,금요일,부산광역시 금정구 부곡동,경상사고,0,0,1,0,차대사람 - 횡단중,보행자보호의무위반,건조,맑음,교차로 - 교차로안,승용,남,45세,상해없음,보행자,남,75세,경상
노인보행자사고,2022101400100308,2022년 10월 14일 14시,금요일,부산광역시 금정구 구서동,경상사고,0,0,1,0,차대사람 - 차도통행중,기타,건조,맑음,기타 - 기타,승용,남,40세,상해없음,보행자,여,75세,경상
노인보행자사고,2022101400100385,2022년 10월 14일 16시,금요일,부산광역시 부산진구 부전동,중상사고,0,3,0,0,차대사람 - 기타,안전운전불이행,건조,맑음,단일로 - 기타,이륜,남,18세,중상,보행자,남,74세,중상
노인보행자사고,2.0221E+15,2022년 10월 15일 10시,토요일,부산광역시 해운대구 반여동,중상사고,0,1,0,0,차대사람 - 기타,안전운전불이행,건조,맑음,단일로 - 기타,자전거,남,50세,상해없음,보행자,여,73세,중상
노인보행자사고,2022101500100198,2022년 10월 15일 12시,토요일,부산광역시 동래구 사직동,중상사고,0,1,0,0,차대사람 - 횡단중,안전운전불이행,건조,맑음,단일로 - 기타,승용,남,37세,상해없음,보행자,여,78세,중상
노인보행자사고,2022101600100081,2022년 10월 16일 07시,일요일,부산광역시 금정구 부곡동,경상사고,0,0,1,0,차대사람 - 차도통행중,안전운전불이행,건조,맑음,단일로 - 기타,자전거,남,46세,상해없음,보행자,여,75세,경상
노인보행자사고,2022101700100139,2022년 10월 17일 09시,월요일,부산광역시 동래구 명장동,중상사고,0,1,0,0,차대사람 - 차도통행중,보행자보호의무위반,건조,맑음,단일로 - 기타,화물,남,69세,상해없음,보행자,여,72세,중상
노인보행자사고,2.0221E+15,2022년 10월 17일 11시,월요일,부산광역시 수영구 남천동,경상사고,0,0,1,0,차대사람 - 차도통행중,안전운전불이행,건조,맑음,교차로 - 교차로안,화물,남,40세,상해없음,보행자,남,76세,경상
노인보행자사고,2022101800100204,2022년 10월 18일 11시,화요일,부산광역시 동래구 낙민동,중상사고,0,1,0,0,차대사람 - 횡단중,신호위반,건조,맑음,단일로 - 기타,화물,남,48세,상해없음,보행자,여,66세,중상
노인보행자사고,2.0221E+15,2022년 10월 18일 14시,화요일,부산광역시 수영구 수영동,경상사고,0,0,1,0,차대사람 - 길가장자리구역통행중,안전운전불이행,건조,맑음,단일로 - 기타,자전거,남,51세,상해없음,보행자,여,78세,경상
노인보행자사고,2022101800100602,2022년 10월 18일 20시,화요일,부산광역시 동래구 온천동,경상사고,0,0,1,0,차대사람 - 횡단중,안전운전불이행,건조,맑음,단일로 - 기타,승용,남,76세,상해없음,보행자,남,77세,경상
노인보행자사고,2022101900100002,2022년 10월 19일 00시,수요일,부산광역시 북구 구포동,경상사고,0,0,1,0,차대사람 - 차도통행중,안전운전불이행,건조,맑음,기타 - 기타,원동기,남,26세,상해없음,보행자,여,71세,경상
노인보행자사고,2022101900100386,2022년 10월 19일 16시,수요일,부산광역시 수영구 민락동,중상사고,0,1,0,0,차대사람 - 횡단중,보행자보호의무위반,건조,맑음,교차로 - 교차로안,화물,남,47세,상해없음,보행자,남,72세,중상
노인보행자사고,2022101900100387,2022년 10월 19일 16시,수요일,부산광역시 해운대구 우동,중상사고,0,1,0,0,차대사람 - 차도통행중,안전운전불이행,건조,맑음,단일로 - 기타,승용,남,46세,상해없음,보행자,여,76세,중상
노인보행자사고,2022101900100433,2022년 10월 19일 17시,수요일,부산광역시 동래구 온천동,경상사고,0,0,1,0,차대사람 - 횡단중,보행자보호의무위반,건조,맑음,교차로 - 교차로안,승용,여,67세,상해없음,보행자,여,70세,경상
노인보행자사고,2022101900100434,2022년 10월 19일 17시,수요일,부산광역시 영도구 동삼동,중상사고,0,1,0,0,차대사람 - 차도통행중,안전운전불이행,건조,맑음,교차로 - 교차로안,승용,여,70세,상해없음,보행자,여,67세,중상
노인보행자사고,2022102000100213,2022년 10월 20일 11시,목요일,부산광역시 사상구 주례동,중상사고,0,1,0,0,차대사람 - 횡단중,신호위반,건조,맑음,교차로 - 교차로부근,화물,남,78세,상해없음,보행자,남,71세,중상
노인보행자사고,2022102000100248,2022년 10월 20일 12시,목요일,부산광역시 동래구 온천동,중상사고,0,1,0,0,차대사람 - 횡단중,신호위반,건조,맑음,교차로 - 교차로부근,화물,남,58세,상해없음,보행자,여,83세,중상
노인보행자사고,2022102000100372,2022년 10월 20일 15시,목요일,부산광역시 연제구 연산동,경상사고,0,0,1,0,차대사람 - 기타,안전운전불이행,건조,맑음,단일로 - 기타,승용,여,54세,상해없음,보행자,남,70세,경상
노인보행자사고,2022102000100419,2022년 10월 20일 16시,목요일,부산광역시 남구 용호동,경상사고,0,0,1,0,차대사람 - 횡단중,보행자보호의무위반,건조,맑음,교차로 - 교차로부근,승용,여,42세,상해없음,보행자,남,69세,경상
노인보행자사고,2.0221E+15,2022년 10월 21일 18시,금요일,부산광역시 연제구 연산동,중상사고,0,1,0,0,차대사람 - 기타,보행자보호의무위반,건조,맑음,기타 - 기타,승용,남,54세,상해없음,보행자,여,77세,중상
노인보행자사고,2.0221E+15,2022년 10월 22일 05시,토요일,부산광역시 부산진구 전포동,중상사고,0,1,0,0,차대사람 - 기타,보행자보호의무위반,건조,맑음,교차로 - 교차로횡단보도내,승용,여,56세,상해없음,보행자,남,73세,중상
노인보행자사고,2022102200100197,2022년 10월 22일 11시,토요일,부산광역시 사하구 다대동,경상사고,0,0,1,0,차대사람 - 횡단중,신호위반,건조,맑음,단일로 - 기타,화물,남,52세,상해없음,보행자,여,68세,경상
노인보행자사고,2022102200100589,2022년 10월 22일 21시,토요일,부산광역시 금정구 부곡동,경상사고,0,0,1,0,차대사람 - 기타,안전운전불이행,건조,맑음,교차로 - 교차로안,이륜,남,33세,상해없음,보행자,남,66세,경상
노인보행자사고,2022102400100053,2022년 10월 24일 07시,월요일,부산광역시 부산진구 연지동,중상사고,0,1,0,0,차대사람 - 길가장자리구역통행중,안전운전불이행,건조,맑음,단일로 - 기타,승용,남,75세,상해없음,보행자,남,71세,중상
노인보행자사고,2022102400100198,2022년 10월 24일 10시,월요일,부산광역시 남구 문현동,중상사고,0,1,0,0,차대사람 - 횡단중,보행자보호의무위반,건조,맑음,교차로 - 교차로부근,승합,남,49세,상해없음,보행자,여,82세,중상
노인보행자사고,2022102400100388,2022년 10월 24일 15시,월요일,부산광역시 동래구 안락동,경상사고,0,0,1,0,차대사람 - 기타,불법유턴,건조,맑음,단일로 - 기타,승용,남,49세,상해없음,보행자,남,69세,경상
노인보행자사고,2022102500100488,2022년 10월 25일 18시,화요일,부산광역시 사하구 괴정동,경상사고,0,0,1,0,차대사람 - 횡단중,보행자보호의무위반,건조,맑음,교차로 - 교차로횡단보도내,승용,여,38세,상해없음,보행자,남,69세,경상
노인보행자사고,2022102600100068,2022년 10월 26일 07시,수요일,부산광역시 북구 덕천동,경상사고,0,0,1,0,차대사람 - 기타,안전운전불이행,건조,맑음,기타 - 기타,승용,여,61세,기타불명,보행자,남,76세,경상
노인보행자사고,2022102600100142,2022년 10월 26일 09시,수요일,부산광역시 해운대구 반여동,중상사고,0,1,0,0,차대사람 - 차도통행중,안전운전불이행,건조,맑음,교차로 - 교차로안,승용,여,56세,상해없음,보행자,여,69세,중상
노인보행자사고,2022102600100503,2022년 10월 26일 19시,수요일,부산광역시 영도구 영선동4가,중상사고,0,1,0,0,차대차 - 기타,중앙선침범,건조,맑음,단일로 - 기타,이륜,남,38세,기타불명,승용,남,33세,기타불명
노인보행자사고,2022102700100063,2022년 10월 27일 07시,목요일,부산광역시 해운대구 반송동,중상사고,0,1,0,0,차대사람 - 차도통행중,기타,건조,맑음,기타 - 기타,화물,남,67세,상해없음,보행자,남,71세,중상
노인보행자사고,2022102700100147,2022년 10월 27일 09시,목요일,부산광역시 북구 화명동,중상사고,0,1,0,0,차대사람 - 기타,안전운전불이행,건조,맑음,주차장 - 주차장,승용,남,20세,상해없음,보행자,남,68세,중상
노인보행자사고,2.0221E+15,2022년 10월 27일 10시,목요일,부산광역시 부산진구 개금동,중상사고,0,1,0,0,차대사람 - 기타,신호위반,건조,맑음,교차로 - 교차로안,승용,남,69세,상해없음,보행자,여,74세,중상
노인보행자사고,2022102700100192,2022년 10월 27일 10시,목요일,부산광역시 수영구 망미동,중상사고,0,1,0,0,차대사람 - 기타,안전운전불이행,건조,맑음,기타 - 기타,자전거,남,61세,상해없음,보행자,여,82세,중상
노인보행자사고,2022102700100294,2022년 10월 27일 13시,목요일,부산광역시 동래구 명장동,부상신고사고,0,0,0,1,차대사람 - 기타,안전운전불이행,건조,맑음,교차로 - 교차로부근,화물,남,26세,상해없음,보행자,남,66세,부상신고
노인보행자사고,2022102700100506,2022년 10월 27일 18시,목요일,부산광역시 강서구 강동동,경상사고,0,0,1,0,차대사람 - 기타,안전운전불이행,건조,맑음,단일로 - 기타,이륜,남,30세,상해없음,보행자,남,82세,경상
노인보행자사고,2022102700100629,2022년 10월 27일 21시,목요일,부산광역시 남구 대연동,경상사고,0,0,1,0,차대사람 - 횡단중,보행자보호의무위반,건조,맑음,단일로 - 기타,승용,여,29세,상해없음,보행자,남,66세,경상
노인보행자사고,2022102700100651,2022년 10월 27일 22시,목요일,부산광역시 해운대구 우동,중상사고,0,1,0,0,차대사람 - 횡단중,안전운전불이행,건조,맑음,단일로 - 기타,승합,남,69세,상해없음,보행자,여,70세,중상
노인보행자사고,2022102800100043,2022년 10월 28일 06시,금요일,부산광역시 강서구 지사동,중상사고,0,1,0,0,차대사람 - 횡단중,보행자보호의무위반,건조,맑음,교차로 - 교차로부근,승용,남,66세,상해없음,보행자,남,69세,중상
노인보행자사고,2.0221E+15,2022년 10월 28일 08시,금요일,부산광역시 해운대구 송정동,중상사고,0,1,0,0,차대사람 - 횡단중,보행자보호의무위반,건조,맑음,교차로 - 교차로횡단보도내,승용,여,63세,상해없음,보행자,남,73세,중상
노인보행자사고,2022102800100102,2022년 10월 28일 08시,금요일,부산광역시 부산진구 당감동,중상사고,0,1,0,0,차대사람 - 횡단중,보행자보호의무위반,건조,맑음,교차로 - 교차로횡단보도내,화물,남,71세,상해없음,보행자,여,71세,중상
노인보행자사고,2022102800100143,2022년 10월 28일 09시,금요일,부산광역시 영도구 남항동3가,중상사고,0,1,0,0,차대사람 - 기타,안전운전불이행,건조,맑음,교차로 - 교차로안,화물,남,55세,상해없음,보행자,여,75세,중상
노인보행자사고,2022102800100259,2022년 10월 28일 12시,금요일,부산광역시 기장군 철마면,사망사고,1,0,0,0,차대사람 - 기타,안전운전불이행,건조,맑음,기타 - 기타,화물,남,69세,상해없음,보행자,여,80세,사망
노인보행자사고,2022102800100293,2022년 10월 28일 13시,금요일,부산광역시 남구 용호동,중상사고,0,1,0,0,차대사람 - 기타,안전운전불이행,건조,맑음,단일로 - 기타,화물,남,55세,상해없음,보행자,여,81세,중상
노인보행자사고,2022102800100295,2022년 10월 28일 13시,금요일,부산광역시 동래구 온천동,사망사고,1,0,0,0,차대사람 - 횡단중,안전운전불이행,건조,맑음,교차로 - 교차로부근,특수,남,27세,상해없음,보행자,여,78세,사망
노인보행자사고,2022102800100296,2022년 10월 28일 13시,금요일,부산광역시 해운대구 우동,중상사고,0,1,0,0,차대사람 - 횡단중,보행자보호의무위반,건조,맑음,단일로 - 기타,이륜,남,82세,상해없음,보행자,남,78세,중상
노인보행자사고,2022102800100376,2022년 10월 28일 15시,금요일,부산광역시 서구 동대신동2가,중상사고,0,1,0,0,차대사람 - 기타,안전운전불이행,건조,맑음,단일로 - 기타,원동기,남,59세,상해없음,보행자,여,73세,중상
노인보행자사고,2022102900100078,2022년 10월 29일 08시,토요일,부산광역시 부산진구 가야동,경상사고,0,0,1,0,차대사람 - 기타,안전운전불이행,건조,맑음,단일로 - 기타,승용,여,78세,상해없음,보행자,여,65세,경상
노인보행자사고,2022102900100175,2022년 10월 29일 11시,토요일,부산광역시 사상구 주례동,중상사고,0,1,0,0,차대사람 - 기타,안전운전불이행,건조,맑음,교차로 - 교차로안,승용,남,63세,상해없음,보행자,여,67세,중상
노인보행자사고,2022103000100105,2022년 10월 30일 09시,일요일,부산광역시 북구 구포동,중상사고,0,1,0,0,차대사람 - 기타,기타,건조,맑음,단일로 - 기타,승용,남,55세,상해없음,보행자,여,80세,중상
노인보행자사고,2022103000100125,2022년 10월 30일 10시,일요일,부산광역시 동래구 복천동,중상사고,0,1,0,0,차대사람 - 기타,안전운전불이행,건조,맑음,단일로 - 기타,승용,남,73세,상해없음,보행자,여,80세,중상
노인보행자사고,2022103100100074,2022년 10월 31일 08시,월요일,부산광역시 동구 범일동,중상사고,0,1,0,0,차대사람 - 차도통행중,안전운전불이행,건조,맑음,단일로 - 기타,화물,남,57세,상해없음,보행자,여,76세,중상
노인보행자사고,2022103100100075,2022년 10월 31일 08시,월요일,부산광역시 동래구 명륜동,중상사고,0,1,0,0,차대사람 - 횡단중,보행자보호의무위반,건조,맑음,교차로 - 교차로안,화물,남,54세,상해없음,보행자,남,75세,중상
노인보행자사고,2022103100100332,2022년 10월 31일 15시,월요일,부산광역시 동래구 온천동,중상사고,0,1,0,0,차대사람 - 횡단중,보행자보호의무위반,건조,맑음,교차로 - 교차로횡단보도내,승용,남,82세,상해없음,보행자,여,75세,중상
노인보행자사고,2022110100100033,2022년 11월 1일 04시,화요일,부산광역시 사하구 당리동,중상사고,0,1,0,0,차대사람 - 횡단중,신호위반,건조,맑음,단일로 - 기타,승용,남,69세,상해없음,보행자,여,66세,중상
노인보행자사고,2022110100100355,2022년 11월 1일 16시,화요일,부산광역시 중구 남포동2가,중상사고,0,1,0,0,차대사람 - 횡단중,안전운전불이행,건조,맑음,단일로 - 기타,화물,남,55세,상해없음,보행자,남,75세,중상
노인보행자사고,2022110100100518,2022년 11월 1일 19시,화요일,부산광역시 동래구 사직동,중상사고,0,1,0,0,차대사람 - 횡단중,보행자보호의무위반,건조,맑음,단일로 - 기타,승용,남,39세,상해없음,보행자,여,70세,중상
노인보행자사고,2022110200100177,2022년 11월 2일 10시,수요일,부산광역시 금정구 장전동,중상사고,0,1,0,0,차대사람 - 기타,보행자보호의무위반,건조,맑음,교차로 - 교차로횡단보도내,승용,여,56세,상해없음,보행자,여,78세,중상
노인보행자사고,2022110200100554,2022년 11월 2일 20시,수요일,부산광역시 수영구 남천동,경상사고,0,0,1,0,차대사람 - 기타,중앙선침범,건조,맑음,교차로 - 교차로부근,승용,여,24세,상해없음,보행자,남,73세,경상
노인보행자사고,2.02211E+15,2022년 11월 3일 10시,목요일,부산광역시 금정구 부곡동,경상사고,0,0,1,0,차대사람 - 기타,보행자보호의무위반,건조,맑음,단일로 - 기타,승용,남,28세,상해없음,보행자,여,73세,경상
노인보행자사고,2022110300100221,2022년 11월 3일 12시,목요일,부산광역시 수영구 망미동,중상사고,0,1,0,0,차대사람 - 길가장자리구역통행중,안전운전불이행,건조,맑음,교차로 - 교차로안,승용,남,60세,상해없음,보행자,남,75세,중상
노인보행자사고,2022110300100341,2022년 11월 3일 16시,목요일,부산광역시 동래구 안락동,경상사고,0,0,1,0,차대사람 - 횡단중,안전운전불이행,건조,맑음,교차로 - 교차로안,승용,여,38세,상해없음,보행자,여,65세,경상
노인보행자사고,2022110400100024,2022년 11월 4일 03시,금요일,부산광역시 북구 덕천동,중상사고,0,1,0,0,차대사람 - 기타,안전운전불이행,건조,맑음,단일로 - 기타,승용,남,61세,상해없음,보행자,남,83세,중상
노인보행자사고,2022110400100089,2022년 11월 4일 08시,금요일,부산광역시 부산진구 당감동,중상사고,0,1,0,0,차대사람 - 횡단중,보행자보호의무위반,건조,맑음,단일로 - 기타,승용,여,38세,상해없음,보행자,여,71세,중상
노인보행자사고,2.02211E+15,2022년 11월 4일 08시,금요일,부산광역시 연제구 거제동,경상사고,0,0,1,0,차대사람 - 횡단중,보행자보호의무위반,건조,맑음,교차로 - 교차로안,화물,남,59세,상해없음,보행자,남,77세,경상
노인보행자사고,2022110400100147,2022년 11월 4일 09시,금요일,부산광역시 북구 금곡동,중상사고,0,1,0,0,차대사람 - 기타,기타,건조,맑음,교차로 - 교차로부근,승합,남,42세,상해없음,보행자,남,91세,중상
노인보행자사고,2022110400100347,2022년 11월 4일 14시,금요일,부산광역시 부산진구 부전동,사망사고,1,0,0,0,차대사람 - 횡단중,보행자보호의무위반,건조,맑음,교차로 - 교차로횡단보도내,화물,남,44세,상해없음,보행자,여,86세,사망
노인보행자사고,2022110400100386,2022년 11월 4일 15시,금요일,부산광역시 사하구 하단동,중상사고,0,1,0,0,차대사람 - 차도통행중,안전운전불이행,건조,맑음,단일로 - 기타,건설기계,남,67세,상해없음,보행자,남,82세,중상
노인보행자사고,2022110400100433,2022년 11월 4일 16시,금요일,부산광역시 수영구 광안동,경상사고,0,0,1,0,차대사람 - 기타,안전운전불이행,건조,맑음,교차로 - 교차로안,승용,여,59세,상해없음,보행자,여,66세,경상
노인보행자사고,2.02211E+15,2022년 11월 5일 17시,토요일,부산광역시 금정구 장전동,중상사고,0,1,0,0,차대사람 - 횡단중,교차로운행방법위반,건조,맑음,교차로 - 교차로안,승용,남,71세,상해없음,보행자,여,82세,중상
노인보행자사고,2022110600100354,2022년 11월 6일 17시,일요일,부산광역시 사하구 괴정동,중상사고,0,1,0,0,차대사람 - 기타,안전운전불이행,건조,맑음,단일로 - 기타,승용,여,52세,상해없음,보행자,여,66세,중상
노인보행자사고,2022110700100131,2022년 11월 7일 09시,월요일,부산광역시 사상구 덕포동,경상사고,0,0,1,0,차대사람 - 횡단중,안전운전불이행,건조,맑음,교차로 - 교차로부근,승용,남,72세,상해없음,보행자,남,72세,경상
노인보행자사고,2022110800100344,2022년 11월 8일 15시,화요일,부산광역시 동구 범일동,중상사고,0,1,0,0,차대사람 - 기타,안전운전불이행,건조,맑음,교차로 - 교차로부근,화물,남,52세,상해없음,보행자,남,77세,중상
노인보행자사고,2022110900100079,2022년 11월 9일 08시,수요일,부산광역시 남구 용당동,경상사고,0,0,1,0,차대사람 - 기타,안전운전불이행,건조,맑음,교차로 - 교차로부근,건설기계,남,50세,상해없음,보행자,여,83세,경상
노인보행자사고,2022111000100103,2022년 11월 10일 08시,목요일,부산광역시 부산진구 양정동,중상사고,0,1,0,0,차대사람 - 횡단중,신호위반,건조,맑음,교차로 - 교차로안,개인형이동수단(PM),남,16세,상해없음,보행자,여,69세,중상
노인보행자사고,2022111000100261,2022년 11월 10일 13시,목요일,부산광역시 해운대구 중동,경상사고,0,0,1,0,차대사람 - 기타,기타,건조,맑음,단일로 - 기타,승합,남,41세,상해없음,보행자,여,68세,경상
노인보행자사고,2022111000100332,2022년 11월 10일 15시,목요일,부산광역시 기장군 기장읍,중상사고,0,1,0,0,차대사람 - 기타,안전운전불이행,건조,맑음,기타 - 기타,승합,남,64세,상해없음,보행자,여,81세,중상
노인보행자사고,2.02211E+15,2022년 11월 10일 16시,목요일,부산광역시 기장군 철마면,경상사고,0,0,2,0,차대사람 - 보도통행중,기타,건조,맑음,단일로 - 기타,이륜,남,71세,상해없음,보행자,여,29세,경상
노인보행자사고,2022111000100454,2022년 11월 10일 18시,목요일,부산광역시 사상구 주례동,경상사고,0,0,1,0,차대사람 - 차도통행중,안전운전불이행,건조,맑음,단일로 - 기타,승합,남,56세,상해없음,보행자,남,68세,경상
노인보행자사고,2022111100100129,2022년 11월 11일 09시,금요일,부산광역시 부산진구 부암동,중상사고,0,1,0,0,차대사람 - 기타,안전운전불이행,건조,맑음,기타 - 기타,화물,남,28세,상해없음,보행자,여,76세,중상
노인보행자사고,2.02211E+15,2022년 11월 11일 13시,금요일,부산광역시 수영구 광안동,경상사고,0,0,1,0,차대사람 - 길가장자리구역통행중,안전운전불이행,건조,맑음,교차로 - 교차로안,승용,남,55세,기타불명,보행자,남,81세,경상
노인보행자사고,2022111100100261,2022년 11월 11일 13시,금요일,부산광역시 부산진구 개금동,중상사고,0,1,0,0,차대사람 - 기타,안전운전불이행,건조,맑음,기타 - 기타,승용,남,60세,상해없음,보행자,여,75세,중상
노인보행자사고,2022111100100304,2022년 11월 11일 14시,금요일,부산광역시 사하구 당리동,중상사고,0,1,1,0,차대사람 - 기타,안전운전불이행,건조,맑음,교차로 - 교차로안,화물,남,44세,상해없음,보행자,남,70세,중상
노인보행자사고,2022111100100305,2022년 11월 11일 14시,금요일,부산광역시 사하구 하단동,중상사고,0,1,0,0,차대사람 - 기타,안전운전불이행,건조,맑음,단일로 - 지하차도(도로)내,기타불명,기타불명,미분류,기타불명,보행자,여,70세,중상
노인보행자사고,2022111100100333,2022년 11월 11일 15시,금요일,부산광역시 남구 용당동,중상사고,0,1,0,0,차대사람 - 기타,중앙선침범,건조,맑음,단일로 - 기타,이륜,남,27세,상해없음,보행자,여,73세,중상
노인보행자사고,2022111100100424,2022년 11월 11일 17시,금요일,부산광역시 북구 금곡동,사망사고,1,0,0,0,차대사람 - 기타,안전운전불이행,건조,맑음,기타 - 기타,승용,남,61세,상해없음,보행자,여,76세,사망
노인보행자사고,2022111200100242,2022년 11월 12일 13시,토요일,부산광역시 금정구 회동동,경상사고,0,0,1,0,차대사람 - 기타,교차로운행방법위반,건조,맑음,교차로 - 교차로안,화물,남,42세,상해없음,보행자,여,69세,경상
노인보행자사고,2022111300100329,2022년 11월 13일 18시,일요일,부산광역시 남구 대연동,경상사고,0,0,1,0,차대사람 - 기타,보행자보호의무위반,건조,맑음,단일로 - 기타,개인형이동수단(PM),남,18세,상해없음,보행자,남,74세,경상
노인보행자사고,2.02211E+15,2022년 11월 14일 06시,월요일,부산광역시 동구 초량동,중상사고,0,1,0,0,차대사람 - 횡단중,안전운전불이행,건조,맑음,단일로 - 기타,승합,남,74세,상해없음,보행자,남,80세,중상
노인보행자사고,2.02211E+15,2022년 11월 14일 18시,월요일,부산광역시 북구 구포동,중상사고,0,1,0,0,차대사람 - 차도통행중,안전운전불이행,건조,맑음,기타 - 기타,승합,남,54세,상해없음,보행자,여,80세,중상
노인보행자사고,2022111500100114,2022년 11월 15일 08시,화요일,부산광역시 금정구 부곡동,경상사고,0,0,1,0,차대사람 - 기타,안전운전불이행,건조,맑음,기타 - 기타,승용,여,47세,상해없음,보행자,여,67세,경상